Simulation,Beta_flu,Beta_mrsa,Delta,Initial_infected_flu,Initial_infected_mrsa,Contact Number,Day,S,I_flu,I_mrsa,I_both,I_mrsa_R_flu,S_mrsa_R_flu
1,0.3,0.05,0.6,2,2,10,0,47,2,2,0,0,0
1,0.3,0.05,0.6,2,2,10,1,29,13,1,8,0,0
1,0.3,0.05,0.6,2,2,10,2,9,26,1,12,0,3
1,0.3,0.05,0.6,2,2,10,3,0,31,1,14,0,5
1,0.3,0.05,0.6,2,2,10,4,0,26,1,16,1,7
1,0.3,0.05,0.6,2,2,10,5,0,23,1,17,1,9
1,0.3,0.05,0.6,2,2,10,6,0,21,1,18,3,8
1,0.3,0.05,0.6,2,2,10,7,0,18,1,18,3,11
1,0.3,0.05,0.6,2,2,10,8,0,18,1,18,5,9
1,0.3,0.05,0.6,2,2,10,9,0,17,1,18,4,11
1,0.3,0.05,0.6,2,2,10,10,0,16,1,18,5,11
1,0.3,0.05,0.6,2,2,10,11,0,16,1,18,6,10
1,0.3,0.05,0.6,2,2,10,12,0,14,1,18,7,11
1,0.3,0.05,0.6,2,2,10,13,0,12,1,19,8,11
1,0.3,0.05,0.6,2,2,10,14,0,11,1,18,7,14
1,0.3,0.05,0.6,2,2,10,15,0,9,1,20,10,11
1,0.3,0.05,0.6,2,2,10,16,0,9,1,20,13,8
1,0.3,0.05,0.6,2,2,10,17,0,7,1,22,13,8
1,0.3,0.05,0.6,2,2,10,18,0,7,0,23,15,6
1,0.3,0.05,0.6,2,2,10,19,0,6,0,23,14,8
1,0.3,0.05,0.6,2,2,10,20,0,4,0,24,15,8
1,0.3,0.05,0.6,2,2,10,21,0,4,0,24,15,8
1,0.3,0.05,0.6,2,2,10,22,0,4,0,24,15,8
1,0.3,0.05,0.6,2,2,10,23,0,3,0,24,17,7
1,0.3,0.05,0.6,2,2,10,24,0,3,0,24,16,8
1,0.3,0.05,0.6,2,2,10,25,0,3,0,23,18,7
1,0.3,0.05,0.6,2,2,10,26,0,3,0,23,18,7
1,0.3,0.05,0.6,2,2,10,27,0,3,0,23,20,5
1,0.3,0.05,0.6,2,2,10,28,0,2,0,22,19,8
1,0.3,0.05,0.6,2,2,10,29,0,2,0,22,19,8
1,0.3,0.05,0.6,2,2,10,30,0,2,0,22,21,6
2,0.3,0.05,0.6,2,2,10,0,47,2,2,0,0,0
2,0.3,0.05,0.6,2,2,10,1,30,15,1,5,0,0
2,0.3,0.05,0.6,2,2,10,2,10,28,1,9,0,3
2,0.3,0.05,0.6,2,2,10,3,0,34,1,12,1,3
2,0.3,0.05,0.6,2,2,10,4,0,26,1,17,1,6
2,0.3,0.05,0.6,2,2,10,5,0,23,1,17,1,9
2,0.3,0.05,0.6,2,2,10,6,0,21,1,19,4,6
2,0.3,0.05,0.6,2,2,10,7,0,21,1,19,4,6
2,0.3,0.05,0.6,2,2,10,8,0,21,1,19,4,6
2,0.3,0.05,0.6,2,2,10,9,0,20,1,19,4,7
2,0.3,0.05,0.6,2,2,10,10,0,19,0,20,4,8
2,0.3,0.05,0.6,2,2,10,11,0,18,0,21,4,8
2,0.3,0.05,0.6,2,2,10,12,0,18,0,21,4,8
2,0.3,0.05,0.6,2,2,10,13,0,17,0,21,4,9
2,0.3,0.05,0.6,2,2,10,14,0,17,0,21,4,9
2,0.3,0.05,0.6,2,2,10,15,0,16,0,22,4,9
2,0.3,0.05,0.6,2,2,10,16,0,14,0,22,4,11
2,0.3,0.05,0.6,2,2,10,17,0,14,0,22,6,9
2,0.3,0.05,0.6,2,2,10,18,0,13,0,21,6,11
2,0.3,0.05,0.6,2,2,10,19,0,12,0,20,6,13
2,0.3,0.05,0.6,2,2,10,20,0,12,0,20,5,14
2,0.3,0.05,0.6,2,2,10,21,0,12,0,20,4,15
2,0.3,0.05,0.6,2,2,10,22,0,12,0,20,6,13
2,0.3,0.05,0.6,2,2,10,23,0,8,0,20,6,17
2,0.3,0.05,0.6,2,2,10,24,0,7,0,19,6,19
2,0.3,0.05,0.6,2,2,10,25,0,6,0,18,7,20
2,0.3,0.05,0.6,2,2,10,26,0,6,0,18,7,20
2,0.3,0.05,0.6,2,2,10,27,0,6,0,18,7,20
2,0.3,0.05,0.6,2,2,10,28,0,5,0,18,7,21
2,0.3,0.05,0.6,2,2,10,29,0,5,0,18,8,20
2,0.3,0.05,0.6,2,2,10,30,0,5,0,18,8,20
3,0.3,0.05,0.6,2,2,10,0,47,2,2,0,0,0
3,0.3,0.05,0.6,2,2,10,1,29,14,1,7,0,0
3,0.3,0.05,0.6,2,2,10,2,9,26,1,12,0,3
3,0.3,0.05,0.6,2,2,10,3,0,28,1,15,1,6
3,0.3,0.05,0.6,2,2,10,4,0,25,1,17,2,6
3,0.3,0.05,0.6,2,2,10,5,0,19,1,18,2,11
3,0.3,0.05,0.6,2,2,10,6,0,15,1,21,1,13
3,0.3,0.05,0.6,2,2,10,7,0,14,1,20,0,16
3,0.3,0.05,0.6,2,2,10,8,0,14,1,20,2,14
3,0.3,0.05,0.6,2,2,10,9,0,14,1,20,4,12
3,0.3,0.05,0.6,2,2,10,10,0,15,0,20,4,12
3,0.3,0.05,0.6,2,2,10,11,0,15,0,20,4,12
3,0.3,0.05,0.6,2,2,10,12,0,15,0,20,4,12
3,0.3,0.05,0.6,2,2,10,13,0,14,0,20,4,13
3,0.3,0.05,0.6,2,2,10,14,0,14,0,18,3,16
3,0.3,0.05,0.6,2,2,10,15,0,14,0,18,3,16
3,0.3,0.05,0.6,2,2,10,16,0,11,0,18,4,18
3,0.3,0.05,0.6,2,2,10,17,0,10,0,18,4,19
3,0.3,0.05,0.6,2,2,10,18,0,9,0,17,4,21
3,0.3,0.05,0.6,2,2,10,19,0,8,0,18,4,21
3,0.3,0.05,0.6,2,2,10,20,0,7,0,17,4,23
3,0.3,0.05,0.6,2,2,10,21,0,6,0,16,3,26
3,0.3,0.05,0.6,2,2,10,22,0,6,0,16,6,23
3,0.3,0.05,0.6,2,2,10,23,0,5,0,16,8,22
3,0.3,0.05,0.6,2,2,10,24,0,5,0,15,9,22
3,0.3,0.05,0.6,2,2,10,25,0,5,0,15,10,21
3,0.3,0.05,0.6,2,2,10,26,0,5,0,15,12,19
3,0.3,0.05,0.6,2,2,10,27,0,4,0,15,12,20
3,0.3,0.05,0.6,2,2,10,28,0,4,0,14,12,21
3,0.3,0.05,0.6,2,2,10,29,0,4,0,14,12,21
3,0.3,0.05,0.6,2,2,10,30,0,4,0,13,13,21
4,0.3,0.05,0.6,2,2,10,0,47,2,2,0,0,0
4,0.3,0.05,0.6,2,2,10,1,29,17,1,4,0,0
4,0.3,0.05,0.6,2,2,10,2,9,31,1,8,0,2
4,0.3,0.05,0.6,2,2,10,3,0,33,1,12,0,5
4,0.3,0.05,0.6,2,2,10,4,0,28,1,16,1,5
4,0.3,0.05,0.6,2,2,10,5,0,22,1,21,3,4
4,0.3,0.05,0.6,2,2,10,6,0,14,1,27,3,6
4,0.3,0.05,0.6,2,2,10,7,0,13,1,26,3,8
4,0.3,0.05,0.6,2,2,10,8,0,11,1,28,4,7
4,0.3,0.05,0.6,2,2,10,9,0,6,1,30,4,10
4,0.3,0.05,0.6,2,2,10,10,0,5,1,30,6,9
4,0.3,0.05,0.6,2,2,10,11,0,4,1,31,6,9
4,0.3,0.05,0.6,2,2,10,12,0,3,1,31,6,10
4,0.3,0.05,0.6,2,2,10,13,0,3,1,31,8,8
4,0.3,0.05,0.6,2,2,10,14,0,3,1,30,7,10
4,0.3,0.05,0.6,2,2,10,15,0,1,1,32,9,8
4,0.3,0.05,0.6,2,2,10,16,0,1,1,32,12,5
4,0.3,0.05,0.6,2,2,10,17,0,1,1,31,11,7
4,0.3,0.05,0.6,2,2,10,18,0,1,1,30,12,7
4,0.3,0.05,0.6,2,2,10,19,0,0,1,30,12,8
4,0.3,0.05,0.6,2,2,10,20,0,1,0,30,12,8
4,0.3,0.05,0.6,2,2,10,21,0,1,0,29,12,9
4,0.3,0.05,0.6,2,2,10,22,0,1,0,29,12,9
4,0.3,0.05,0.6,2,2,10,23,0,1,0,29,13,8
4,0.3,0.05,0.6,2,2,10,24,0,0,0,29,14,8
4,0.3,0.05,0.6,2,2,10,25,0,0,0,28,13,10
4,0.3,0.05,0.6,2,2,10,26,0,0,0,28,13,10
4,0.3,0.05,0.6,2,2,10,27,0,0,0,27,13,11
4,0.3,0.05,0.6,2,2,10,28,0,0,0,26,13,12
4,0.3,0.05,0.6,2,2,10,29,0,0,0,26,14,11
4,0.3,0.05,0.6,2,2,10,30,0,0,0,26,13,12
5,0.3,0.05,0.6,2,2,10,0,47,2,2,0,0,0
5,0.3,0.05,0.6,2,2,10,1,30,16,1,4,0,0
5,0.3,0.05,0.6,2,2,10,2,10,25,1,11,0,4
5,0.3,0.05,0.6,2,2,10,3,0,29,1,13,1,7
5,0.3,0.05,0.6,2,2,10,4,0,26,1,15,1,8
5,0.3,0.05,0.6,2,2,10,5,0,22,1,17,2,9
5,0.3,0.05,0.6,2,2,10,6,0,19,1,19,4,8
5,0.3,0.05,0.6,2,2,10,7,0,18,1,19,4,9
5,0.3,0.05,0.6,2,2,10,8,0,17,1,20,5,8
5,0.3,0.05,0.6,2,2,10,9,0,16,1,20,5,9
5,0.3,0.05,0.6,2,2,10,10,0,16,1,20,5,9
5,0.3,0.05,0.6,2,2,10,11,0,14,1,20,4,12
5,0.3,0.05,0.6,2,2,10,12,0,14,0,20,6,11
5,0.3,0.05,0.6,2,2,10,13,0,13,0,20,6,12
5,0.3,0.05,0.6,2,2,10,14,0,12,0,20,5,14
5,0.3,0.05,0.6,2,2,10,15,0,11,0,21,5,14
5,0.3,0.05,0.6,2,2,10,16,0,10,0,21,5,15
5,0.3,0.05,0.6,2,2,10,17,0,9,0,22,5,15
5,0.3,0.05,0.6,2,2,10,18,0,7,0,24,7,13
5,0.3,0.05,0.6,2,2,10,19,0,6,0,24,9,12
5,0.3,0.05,0.6,2,2,10,20,0,4,0,25,9,13
5,0.3,0.05,0.6,2,2,10,21,0,4,0,24,9,14
5,0.3,0.05,0.6,2,2,10,22,0,3,0,25,11,12
5,0.3,0.05,0.6,2,2,10,23,0,3,0,25,12,11
5,0.3,0.05,0.6,2,2,10,24,0,1,0,25,12,13
5,0.3,0.05,0.6,2,2,10,25,0,1,0,24,14,12
5,0.3,0.05,0.6,2,2,10,26,0,1,0,24,16,10
5,0.3,0.05,0.6,2,2,10,27,0,1,0,24,17,9
5,0.3,0.05,0.6,2,2,10,28,0,1,0,22,16,12
5,0.3,0.05,0.6,2,2,10,29,0,1,0,22,16,12
5,0.3,0.05,0.6,2,2,10,30,0,1,0,22,19,9
6,0.3,0.05,0.6,2,2,10,0,47,2,2,0,0,0
6,0.3,0.05,0.6,2,2,10,1,29,15,1,6,0,0
6,0.3,0.05,0.6,2,2,10,2,9,28,1,12,0,1
6,0.3,0.05,0.6,2,2,10,3,0,32,1,15,0,3
6,0.3,0.05,0.6,2,2,10,4,0,28,1,18,0,4
6,0.3,0.05,0.6,2,2,10,5,0,23,1,21,0,6
6,0.3,0.05,0.6,2,2,10,6,0,15,1,27,2,6
6,0.3,0.05,0.6,2,2,10,7,0,15,1,26,2,7
6,0.3,0.05,0.6,2,2,10,8,0,11,1,30,2,7
6,0.3,0.05,0.6,2,2,10,9,0,10,0,31,3,7
6,0.3,0.05,0.6,2,2,10,10,0,8,0,31,3,9
6,0.3,0.05,0.6,2,2,10,11,0,7,0,30,3,11
6,0.3,0.05,0.6,2,2,10,12,0,5,0,30,4,12
6,0.3,0.05,0.6,2,2,10,13,0,4,0,27,6,14
6,0.3,0.05,0.6,2,2,10,14,0,4,0,27,5,15
6,0.3,0.05,0.6,2,2,10,15,0,4,0,27,8,12
6,0.3,0.05,0.6,2,2,10,16,0,3,0,26,9,13
6,0.3,0.05,0.6,2,2,10,17,0,3,0,25,10,13
6,0.3,0.05,0.6,2,2,10,18,0,2,0,26,10,13
6,0.3,0.05,0.6,2,2,10,19,0,2,0,25,11,13
6,0.3,0.05,0.6,2,2,10,20,0,1,0,24,11,15
6,0.3,0.05,0.6,2,2,10,21,0,1,0,23,11,16
6,0.3,0.05,0.6,2,2,10,22,0,1,0,23,13,14
6,0.3,0.05,0.6,2,2,10,23,0,1,0,22,13,15
6,0.3,0.05,0.6,2,2,10,24,0,1,0,22,13,15
6,0.3,0.05,0.6,2,2,10,25,0,1,0,21,12,17
6,0.3,0.05,0.6,2,2,10,26,0,1,0,21,12,17
6,0.3,0.05,0.6,2,2,10,27,0,1,0,21,13,16
6,0.3,0.05,0.6,2,2,10,28,0,1,0,21,13,16
6,0.3,0.05,0.6,2,2,10,29,0,1,0,21,13,16
6,0.3,0.05,0.6,2,2,10,30,0,1,0,21,12,17
7,0.3,0.05,0.6,2,2,10,0,47,2,2,0,0,0
7,0.3,0.05,0.6,2,2,10,1,31,14,1,5,0,0
7,0.3,0.05,0.6,2,2,10,2,12,28,1,10,0,0
7,0.3,0.05,0.6,2,2,10,3,2,32,1,16,0,0
7,0.3,0.05,0.6,2,2,10,4,1,29,1,18,0,2
7,0.3,0.05,0.6,2,2,10,5,0,28,1,20,0,2
7,0.3,0.05,0.6,2,2,10,6,0,21,1,25,0,4
7,0.3,0.05,0.6,2,2,10,7,0,19,1,24,0,7
7,0.3,0.05,0.6,2,2,10,8,0,18,1,25,0,7
7,0.3,0.05,0.6,2,2,10,9,0,14,1,28,1,7
7,0.3,0.05,0.6,2,2,10,10,0,10,1,30,3,7
7,0.3,0.05,0.6,2,2,10,11,0,7,1,33,3,7
7,0.3,0.05,0.6,2,2,10,12,0,5,1,34,4,7
7,0.3,0.05,0.6,2,2,10,13,0,5,1,33,7,5
7,0.3,0.05,0.6,2,2,10,14,0,5,1,33,7,5
7,0.3,0.05,0.6,2,2,10,15,0,4,1,34,8,4
7,0.3,0.05,0.6,2,2,10,16,0,3,1,34,7,6
7,0.3,0.05,0.6,2,2,10,17,0,3,1,34,6,7
7,0.3,0.05,0.6,2,2,10,18,0,3,0,34,6,8
7,0.3,0.05,0.6,2,2,10,19,0,3,0,34,7,7
7,0.3,0.05,0.6,2,2,10,20,0,3,0,34,7,7
7,0.3,0.05,0.6,2,2,10,21,0,3,0,34,7,7
7,0.3,0.05,0.6,2,2,10,22,0,3,0,34,7,7
7,0.3,0.05,0.6,2,2,10,23,0,3,0,34,7,7
7,0.3,0.05,0.6,2,2,10,24,0,3,0,34,7,7
7,0.3,0.05,0.6,2,2,10,25,0,3,0,33,7,8
7,0.3,0.05,0.6,2,2,10,26,0,3,0,33,8,7
7,0.3,0.05,0.6,2,2,10,27,0,3,0,33,9,6
7,0.3,0.05,0.6,2,2,10,28,0,3,0,32,9,7
7,0.3,0.05,0.6,2,2,10,29,0,3,0,32,10,6
7,0.3,0.05,0.6,2,2,10,30,0,2,0,32,10,7
8,0.3,0.05,0.6,2,2,10,0,47,2,2,0,0,0
8,0.3,0.05,0.6,2,2,10,1,30,15,1,5,0,0
8,0.3,0.05,0.6,2,2,10,2,10,30,1,8,0,2
8,0.3,0.05,0.6,2,2,10,3,0,36,1,10,1,3
8,0.3,0.05,0.6,2,2,10,4,0,33,1,12,1,4
8,0.3,0.05,0.6,2,2,10,5,0,30,1,14,2,4
8,0.3,0.05,0.6,2,2,10,6,0,23,1,18,3,6
8,0.3,0.05,0.6,2,2,10,7,0,23,1,18,3,6
8,0.3,0.05,0.6,2,2,10,8,0,21,1,20,3,6
8,0.3,0.05,0.6,2,2,10,9,0,18,1,20,2,10
8,0.3,0.05,0.6,2,2,10,10,0,13,1,23,4,10
8,0.3,0.05,0.6,2,2,10,11,0,8,1,27,5,10
8,0.3,0.05,0.6,2,2,10,12,0,8,1,26,8,8
8,0.3,0.05,0.6,2,2,10,13,0,6,1,26,10,8
8,0.3,0.05,0.6,2,2,10,14,0,6,1,26,10,8
8,0.3,0.05,0.6,2,2,10,15,0,6,0,27,11,7
8,0.3,0.05,0.6,2,2,10,16,0,4,0,28,10,9
8,0.3,0.05,0.6,2,2,10,17,0,3,0,28,11,9
8,0.3,0.05,0.6,2,2,10,18,0,3,0,27,11,10
8,0.3,0.05,0.6,2,2,10,19,0,2,0,27,13,9
8,0.3,0.05,0.6,2,2,10,20,0,2,0,26,12,11
8,0.3,0.05,0.6,2,2,10,21,0,2,0,26,12,11
8,0.3,0.05,0.6,2,2,10,22,0,2,0,26,15,8
8,0.3,0.05,0.6,2,2,10,23,0,2,0,25,15,9
8,0.3,0.05,0.6,2,2,10,24,0,2,0,25,17,7
8,0.3,0.05,0.6,2,2,10,25,0,2,0,25,17,7
8,0.3,0.05,0.6,2,2,10,26,0,2,0,25,18,6
8,0.3,0.05,0.6,2,2,10,27,0,2,0,25,18,6
8,0.3,0.05,0.6,2,2,10,28,0,2,0,25,16,8
8,0.3,0.05,0.6,2,2,10,29,0,2,0,25,16,8
8,0.3,0.05,0.6,2,2,10,30,0,2,0,25,17,7
9,0.3,0.05,0.6,2,2,10,0,47,2,2,0,0,0
9,0.3,0.05,0.6,2,2,10,1,29,15,1,6,0,0
9,0.3,0.05,0.6,2,2,10,2,9,27,1,11,0,3
9,0.3,0.05,0.6,2,2,10,3,0,31,0,15,0,5
9,0.3,0.05,0.6,2,2,10,4,0,26,0,19,0,6
9,0.3,0.05,0.6,2,2,10,5,0,21,0,23,1,6
9,0.3,0.05,0.6,2,2,10,6,0,13,0,30,1,7
9,0.3,0.05,0.6,2,2,10,7,0,13,0,30,1,7
9,0.3,0.05,0.6,2,2,10,8,0,11,0,32,2,6
9,0.3,0.05,0.6,2,2,10,9,0,11,0,31,3,6
9,0.3,0.05,0.6,2,2,10,10,0,9,0,32,4,6
9,0.3,0.05,0.6,2,2,10,11,0,5,0,35,5,6
9,0.3,0.05,0.6,2,2,10,12,0,4,0,35,5,7
9,0.3,0.05,0.6,2,2,10,13,0,3,0,34,5,9
9,0.3,0.05,0.6,2,2,10,14,0,3,0,34,4,10
9,0.3,0.05,0.6,2,2,10,15,0,2,0,35,6,8
9,0.3,0.05,0.6,2,2,10,16,0,2,0,34,6,9
9,0.3,0.05,0.6,2,2,10,17,0,2,0,33,6,10
9,0.3,0.05,0.6,2,2,10,18,0,2,0,32,7,10
9,0.3,0.05,0.6,2,2,10,19,0,1,0,33,7,10
9,0.3,0.05,0.6,2,2,10,20,0,1,0,33,8,9
9,0.3,0.05,0.6,2,2,10,21,0,1,0,33,6,11
9,0.3,0.05,0.6,2,2,10,22,0,1,0,33,8,9
9,0.3,0.05,0.6,2,2,10,23,0,1,0,33,8,9
9,0.3,0.05,0.6,2,2,10,24,0,0,0,31,7,13
9,0.3,0.05,0.6,2,2,10,25,0,0,0,31,8,12
9,0.3,0.05,0.6,2,2,10,26,0,0,0,29,7,15
9,0.3,0.05,0.6,2,2,10,27,0,0,0,29,13,9
9,0.3,0.05,0.6,2,2,10,28,0,0,0,28,13,10
9,0.3,0.05,0.6,2,2,10,29,0,0,0,28,15,8
9,0.3,0.05,0.6,2,2,10,30,0,0,0,27,16,8
10,0.3,0.05,0.6,2,2,10,0,47,2,2,0,0,0
10,0.3,0.05,0.6,2,2,10,1,30,13,1,7,0,0
10,0.3,0.05,0.6,2,2,10,2,10,26,1,13,0,1
10,0.3,0.05,0.6,2,2,10,3,0,31,1,15,1,3
10,0.3,0.05,0.6,2,2,10,4,0,27,1,17,2,4
10,0.3,0.05,0.6,2,2,10,5,0,24,1,18,2,6
10,0.3,0.05,0.6,2,2,10,6,0,19,1,21,2,8
10,0.3,0.05,0.6,2,2,10,7,0,18,1,21,2,9
10,0.3,0.05,0.6,2,2,10,8,0,18,1,21,2,9
10,0.3,0.05,0.6,2,2,10,9,0,14,1,21,3,12
10,0.3,0.05,0.6,2,2,10,10,0,14,1,21,3,12
10,0.3,0.05,0.6,2,2,10,11,0,14,1,21,3,12
10,0.3,0.05,0.6,2,2,10,12,0,12,0,22,4,13
10,0.3,0.05,0.6,2,2,10,13,0,11,0,23,4,13
10,0.3,0.05,0.6,2,2,10,14,0,10,0,22,4,15
10,0.3,0.05,0.6,2,2,10,15,0,8,0,24,7,12
10,0.3,0.05,0.6,2,2,10,16,0,7,0,25,8,11
10,0.3,0.05,0.6,2,2,10,17,0,6,0,26,7,12
10,0.3,0.05,0.6,2,2,10,18,0,4,0,27,9,11
10,0.3,0.05,0.6,2,2,10,19,0,4,0,27,11,9
10,0.3,0.05,0.6,2,2,10,20,0,3,0,28,13,7
10,0.3,0.05,0.6,2,2,10,21,0,3,0,27,12,9
10,0.3,0.05,0.6,2,2,10,22,0,3,0,27,12,9
10,0.3,0.05,0.6,2,2,10,23,0,3,0,26,13,9
10,0.3,0.05,0.6,2,2,10,24,0,3,0,26,13,9
10,0.3,0.05,0.6,2,2,10,25,0,3,0,26,12,10
10,0.3,0.05,0.6,2,2,10,26,0,2,0,26,12,11
10,0.3,0.05,0.6,2,2,10,27,0,1,0,25,12,13
10,0.3,0.05,0.6,2,2,10,28,0,1,0,25,12,13
10,0.3,0.05,0.6,2,2,10,29,0,1,0,25,13,12
10,0.3,0.05,0.6,2,2,10,30,0,1,0,24,14,12
11,0.3,0.05,0.6,2,2,10,0,47,2,2,0,0,0
11,0.3,0.05,0.6,2,2,10,1,30,14,1,6,0,0
11,0.3,0.05,0.6,2,2,10,2,10,29,1,9,0,2
11,0.3,0.05,0.6,2,2,10,3,0,34,1,10,1,5
11,0.3,0.05,0.6,2,2,10,4,0,30,1,12,3,5
11,0.3,0.05,0.6,2,2,10,5,0,26,1,15,2,7
11,0.3,0.05,0.6,2,2,10,6,0,23,1,17,3,7
11,0.3,0.05,0.6,2,2,10,7,0,21,1,15,3,11
11,0.3,0.05,0.6,2,2,10,8,0,18,1,18,4,10
11,0.3,0.05,0.6,2,2,10,9,0,18,1,18,9,5
11,0.3,0.05,0.6,2,2,10,10,0,12,0,22,9,8
11,0.3,0.05,0.6,2,2,10,11,0,12,0,22,12,5
11,0.3,0.05,0.6,2,2,10,12,0,9,0,24,12,6
11,0.3,0.05,0.6,2,2,10,13,0,8,0,24,14,5
11,0.3,0.05,0.6,2,2,10,14,0,8,0,23,13,7
11,0.3,0.05,0.6,2,2,10,15,0,6,0,25,14,6
11,0.3,0.05,0.6,2,2,10,16,0,4,0,26,14,7
11,0.3,0.05,0.6,2,2,10,17,0,3,0,27,15,6
11,0.3,0.05,0.6,2,2,10,18,0,3,0,27,16,5
11,0.3,0.05,0.6,2,2,10,19,0,3,0,27,16,5
11,0.3,0.05,0.6,2,2,10,20,0,2,0,27,16,6
11,0.3,0.05,0.6,2,2,10,21,0,2,0,27,16,6
11,0.3,0.05,0.6,2,2,10,22,0,2,0,27,17,5
11,0.3,0.05,0.6,2,2,10,23,0,2,0,26,17,6
11,0.3,0.05,0.6,2,2,10,24,0,1,0,26,17,7
11,0.3,0.05,0.6,2,2,10,25,0,1,0,26,17,7
11,0.3,0.05,0.6,2,2,10,26,0,1,0,25,18,7
11,0.3,0.05,0.6,2,2,10,27,0,1,0,24,19,7
11,0.3,0.05,0.6,2,2,10,28,0,1,0,24,18,8
11,0.3,0.05,0.6,2,2,10,29,0,1,0,24,19,7
11,0.3,0.05,0.6,2,2,10,30,0,1,0,23,20,7
12,0.3,0.05,0.6,2,2,10,0,47,2,2,0,0,0
12,0.3,0.05,0.6,2,2,10,1,31,14,1,5,0,0
12,0.3,0.05,0.6,2,2,10,2,11,28,1,8,0,3
12,0.3,0.05,0.6,2,2,10,3,0,35,1,10,2,3
12,0.3,0.05,0.6,2,2,10,4,0,32,1,13,2,3
12,0.3,0.05,0.6,2,2,10,5,0,28,1,17,2,3
12,0.3,0.05,0.6,2,2,10,6,0,20,1,24,2,4
12,0.3,0.05,0.6,2,2,10,7,0,20,1,24,2,4
12,0.3,0.05,0.6,2,2,10,8,0,16,1,28,2,4
12,0.3,0.05,0.6,2,2,10,9,0,12,0,32,2,5
12,0.3,0.05,0.6,2,2,10,10,0,9,0,34,2,6
12,0.3,0.05,0.6,2,2,10,11,0,5,0,36,2,8
12,0.3,0.05,0.6,2,2,10,12,0,4,0,36,3,8
12,0.3,0.05,0.6,2,2,10,13,0,4,0,35,4,8
12,0.3,0.05,0.6,2,2,10,14,0,4,0,35,4,8
12,0.3,0.05,0.6,2,2,10,15,0,2,0,37,5,7
12,0.3,0.05,0.6,2,2,10,16,0,2,0,37,5,7
12,0.3,0.05,0.6,2,2,10,17,0,2,0,36,5,8
12,0.3,0.05,0.6,2,2,10,18,0,2,0,36,7,6
12,0.3,0.05,0.6,2,2,10,19,0,1,0,37,5,8
12,0.3,0.05,0.6,2,2,10,20,0,1,0,37,6,7
12,0.3,0.05,0.6,2,2,10,21,0,1,0,36,6,8
12,0.3,0.05,0.6,2,2,10,22,0,1,0,36,6,8
12,0.3,0.05,0.6,2,2,10,23,0,0,0,35,7,9
12,0.3,0.05,0.6,2,2,10,24,0,0,0,35,8,8
12,0.3,0.05,0.6,2,2,10,25,0,0,0,35,8,8
12,0.3,0.05,0.6,2,2,10,26,0,0,0,35,7,9
12,0.3,0.05,0.6,2,2,10,27,0,0,0,31,7,13
12,0.3,0.05,0.6,2,2,10,28,0,0,0,30,7,14
12,0.3,0.05,0.6,2,2,10,29,0,0,0,30,10,11
12,0.3,0.05,0.6,2,2,10,30,0,0,0,30,11,10
13,0.3,0.05,0.6,2,2,10,0,47,2,2,0,0,0
13,0.3,0.05,0.6,2,2,10,1,30,13,1,7,0,0
13,0.3,0.05,0.6,2,2,10,2,10,27,1,11,0,2
13,0.3,0.05,0.6,2,2,10,3,0,26,1,14,0,10
13,0.3,0.05,0.6,2,2,10,4,0,24,1,15,2,9
13,0.3,0.05,0.6,2,2,10,5,0,22,1,17,2,9
13,0.3,0.05,0.6,2,2,10,6,0,16,1,21,3,10
13,0.3,0.05,0.6,2,2,10,7,0,15,1,21,3,11
13,0.3,0.05,0.6,2,2,10,8,0,15,1,21,3,11
13,0.3,0.05,0.6,2,2,10,9,0,13,1,22,4,11
13,0.3,0.05,0.6,2,2,10,10,0,9,1,25,4,12
13,0.3,0.05,0.6,2,2,10,11,0,5,1,25,5,15
13,0.3,0.05,0.6,2,2,10,12,0,3,1,26,6,15
13,0.3,0.05,0.6,2,2,10,13,0,3,1,23,11,13
13,0.3,0.05,0.6,2,2,10,14,0,3,1,22,9,16
13,0.3,0.05,0.6,2,2,10,15,0,2,1,23,13,12
13,0.3,0.05,0.6,2,2,10,16,0,1,1,24,13,12
13,0.3,0.05,0.6,2,2,10,17,0,1,0,23,14,13
13,0.3,0.05,0.6,2,2,10,18,0,1,0,23,15,12
13,0.3,0.05,0.6,2,2,10,19,0,1,0,23,15,12
13,0.3,0.05,0.6,2,2,10,20,0,0,0,23,16,12
13,0.3,0.05,0.6,2,2,10,21,0,0,0,23,16,12
13,0.3,0.05,0.6,2,2,10,22,0,0,0,23,17,11
13,0.3,0.05,0.6,2,2,10,23,0,0,0,22,18,11
13,0.3,0.05,0.6,2,2,10,24,0,0,0,22,18,11
13,0.3,0.05,0.6,2,2,10,25,0,0,0,22,19,10
13,0.3,0.05,0.6,2,2,10,26,0,0,0,20,19,12
13,0.3,0.05,0.6,2,2,10,27,0,0,0,20,21,10
13,0.3,0.05,0.6,2,2,10,28,0,0,0,20,21,10
13,0.3,0.05,0.6,2,2,10,29,0,0,0,20,21,10
13,0.3,0.05,0.6,2,2,10,30,0,0,0,20,22,9
14,0.3,0.05,0.6,2,2,10,0,47,2,2,0,0,0
14,0.3,0.05,0.6,2,2,10,1,29,18,1,3,0,0
14,0.3,0.05,0.6,2,2,10,2,9,31,1,8,0,2
14,0.3,0.05,0.6,2,2,10,3,0,34,1,12,0,4
14,0.3,0.05,0.6,2,2,10,4,0,29,0,15,1,6
14,0.3,0.05,0.6,2,2,10,5,0,25,0,17,1,8
14,0.3,0.05,0.6,2,2,10,6,0,19,0,23,2,7
14,0.3,0.05,0.6,2,2,10,7,0,19,0,23,2,7
14,0.3,0.05,0.6,2,2,10,8,0,14,0,28,5,4
14,0.3,0.05,0.6,2,2,10,9,0,11,0,30,6,4
14,0.3,0.05,0.6,2,2,10,10,0,10,0,31,7,3
14,0.3,0.05,0.6,2,2,10,11,0,7,0,31,7,6
14,0.3,0.05,0.6,2,2,10,12,0,6,0,31,8,6
14,0.3,0.05,0.6,2,2,10,13,0,5,0,30,8,8
14,0.3,0.05,0.6,2,2,10,14,0,4,0,29,8,10
14,0.3,0.05,0.6,2,2,10,15,0,3,0,30,9,9
14,0.3,0.05,0.6,2,2,10,16,0,2,0,29,10,10
14,0.3,0.05,0.6,2,2,10,17,0,2,0,29,11,9
14,0.3,0.05,0.6,2,2,10,18,0,1,0,30,9,11
14,0.3,0.05,0.6,2,2,10,19,0,1,0,30,12,8
14,0.3,0.05,0.6,2,2,10,20,0,1,0,29,12,9
14,0.3,0.05,0.6,2,2,10,21,0,1,0,29,12,9
14,0.3,0.05,0.6,2,2,10,22,0,1,0,29,14,7
14,0.3,0.05,0.6,2,2,10,23,0,1,0,29,14,7
14,0.3,0.05,0.6,2,2,10,24,0,1,0,29,13,8
14,0.3,0.05,0.6,2,2,10,25,0,1,0,28,13,9
14,0.3,0.05,0.6,2,2,10,26,0,1,0,28,14,8
14,0.3,0.05,0.6,2,2,10,27,0,1,0,28,13,9
14,0.3,0.05,0.6,2,2,10,28,0,0,0,28,13,10
14,0.3,0.05,0.6,2,2,10,29,0,0,0,28,14,9
14,0.3,0.05,0.6,2,2,10,30,0,0,0,28,13,10
15,0.3,0.05,0.6,2,2,10,0,47,2,2,0,0,0
15,0.3,0.05,0.6,2,2,10,1,29,17,1,4,0,0
15,0.3,0.05,0.6,2,2,10,2,9,32,1,8,0,1
15,0.3,0.05,0.6,2,2,10,3,0,34,1,13,0,3
15,0.3,0.05,0.6,2,2,10,4,0,25,1,17,0,8
15,0.3,0.05,0.6,2,2,10,5,0,21,1,19,0,10
15,0.3,0.05,0.6,2,2,10,6,0,14,1,22,1,13
15,0.3,0.05,0.6,2,2,10,7,0,12,1,22,1,15
15,0.3,0.05,0.6,2,2,10,8,0,12,1,22,2,14
15,0.3,0.05,0.6,2,2,10,9,0,11,1,22,2,15
15,0.3,0.05,0.6,2,2,10,10,0,11,1,22,2,15
15,0.3,0.05,0.6,2,2,10,11,0,11,1,22,3,14
15,0.3,0.05,0.6,2,2,10,12,0,10,1,21,4,15
15,0.3,0.05,0.6,2,2,10,13,0,9,1,21,4,16
15,0.3,0.05,0.6,2,2,10,14,0,9,1,20,4,17
15,0.3,0.05,0.6,2,2,10,15,0,8,1,21,5,16
15,0.3,0.05,0.6,2,2,10,16,0,7,1,22,8,13
15,0.3,0.05,0.6,2,2,10,17,0,4,1,23,8,15
15,0.3,0.05,0.6,2,2,10,18,0,3,1,23,9,15
15,0.3,0.05,0.6,2,2,10,19,0,3,1,23,12,12
15,0.3,0.05,0.6,2,2,10,20,0,3,1,23,15,9
15,0.3,0.05,0.6,2,2,10,21,0,3,1,23,14,10
15,0.3,0.05,0.6,2,2,10,22,0,2,1,24,15,9
15,0.3,0.05,0.6,2,2,10,23,0,2,1,24,15,9
15,0.3,0.05,0.6,2,2,10,24,0,1,1,23,15,11
15,0.3,0.05,0.6,2,2,10,25,0,1,1,23,17,9
15,0.3,0.05,0.6,2,2,10,26,0,1,1,23,17,9
15,0.3,0.05,0.6,2,2,10,27,0,1,1,23,18,8
15,0.3,0.05,0.6,2,2,10,28,0,1,1,23,17,9
15,0.3,0.05,0.6,2,2,10,29,0,1,1,23,17,9
15,0.3,0.05,0.6,2,2,10,30,0,1,1,22,17,10
16,0.3,0.05,0.6,2,2,10,0,47,2,2,0,0,0
16,0.3,0.05,0.6,2,2,10,1,29,17,1,4,0,0
16,0.3,0.05,0.6,2,2,10,2,9,34,1,6,0,1
16,0.3,0.05,0.6,2,2,10,3,0,34,1,9,0,7
16,0.3,0.05,0.6,2,2,10,4,0,28,1,13,2,7
16,0.3,0.05,0.6,2,2,10,5,0,24,1,14,2,10
16,0.3,0.05,0.6,2,2,10,6,0,19,1,17,3,11
16,0.3,0.05,0.6,2,2,10,7,1,18,0,17,3,12
16,0.3,0.05,0.6,2,2,10,8,0,17,0,19,4,11
16,0.3,0.05,0.6,2,2,10,9,0,17,0,19,4,11
16,0.3,0.05,0.6,2,2,10,10,0,17,0,19,4,11
16,0.3,0.05,0.6,2,2,10,11,0,16,0,19,5,11
16,0.3,0.05,0.6,2,2,10,12,0,16,0,19,5,11
16,0.3,0.05,0.6,2,2,10,13,0,16,0,19,6,10
16,0.3,0.05,0.6,2,2,10,14,0,14,0,19,6,12
16,0.3,0.05,0.6,2,2,10,15,0,13,0,20,6,12
16,0.3,0.05,0.6,2,2,10,16,0,13,0,20,6,12
16,0.3,0.05,0.6,2,2,10,17,0,13,0,19,6,13
16,0.3,0.05,0.6,2,2,10,18,0,12,0,19,6,14
16,0.3,0.05,0.6,2,2,10,19,0,12,0,19,5,15
16,0.3,0.05,0.6,2,2,10,20,0,11,0,19,5,16
16,0.3,0.05,0.6,2,2,10,21,0,11,0,19,5,16
16,0.3,0.05,0.6,2,2,10,22,0,11,0,19,5,16
16,0.3,0.05,0.6,2,2,10,23,0,11,0,19,6,15
16,0.3,0.05,0.6,2,2,10,24,0,11,0,19,6,15
16,0.3,0.05,0.6,2,2,10,25,0,9,0,20,6,16
16,0.3,0.05,0.6,2,2,10,26,0,7,0,21,8,15
16,0.3,0.05,0.6,2,2,10,27,0,7,0,20,10,14
16,0.3,0.05,0.6,2,2,10,28,0,7,0,20,9,15
16,0.3,0.05,0.6,2,2,10,29,0,7,0,20,10,14
16,0.3,0.05,0.6,2,2,10,30,0,5,0,20,13,13
17,0.3,0.05,0.6,2,2,10,0,47,2,2,0,0,0
17,0.3,0.05,0.6,2,2,10,1,29,15,1,6,0,0
17,0.3,0.05,0.6,2,2,10,2,9,30,1,9,0,2
17,0.3,0.05,0.6,2,2,10,3,0,33,1,11,0,6
17,0.3,0.05,0.6,2,2,10,4,0,25,1,16,0,9
17,0.3,0.05,0.6,2,2,10,5,0,21,1,18,0,11
17,0.3,0.05,0.6,2,2,10,6,0,17,0,23,0,11
17,0.3,0.05,0.6,2,2,10,7,0,16,0,23,0,12
17,0.3,0.05,0.6,2,2,10,8,0,15,0,24,1,11
17,0.3,0.05,0.6,2,2,10,9,0,14,0,24,1,12
17,0.3,0.05,0.6,2,2,10,10,0,14,0,24,1,12
17,0.3,0.05,0.6,2,2,10,11,0,13,0,24,1,13
17,0.3,0.05,0.6,2,2,10,12,0,13,0,24,1,13
17,0.3,0.05,0.6,2,2,10,13,0,13,0,24,3,11
17,0.3,0.05,0.6,2,2,10,14,0,12,0,23,3,13
17,0.3,0.05,0.6,2,2,10,15,0,12,0,23,4,12
17,0.3,0.05,0.6,2,2,10,16,0,12,0,23,5,11
17,0.3,0.05,0.6,2,2,10,17,0,10,0,23,5,13
17,0.3,0.05,0.6,2,2,10,18,0,10,0,23,4,14
17,0.3,0.05,0.6,2,2,10,19,0,10,0,23,4,14
17,0.3,0.05,0.6,2,2,10,20,0,10,0,23,4,14
17,0.3,0.05,0.6,2,2,10,21,0,9,0,23,4,15
17,0.3,0.05,0.6,2,2,10,22,0,9,0,23,4,15
17,0.3,0.05,0.6,2,2,10,23,0,9,0,22,4,16
17,0.3,0.05,0.6,2,2,10,24,0,8,0,21,3,19
17,0.3,0.05,0.6,2,2,10,25,0,6,0,21,3,21
17,0.3,0.05,0.6,2,2,10,26,0,5,0,20,4,22
17,0.3,0.05,0.6,2,2,10,27,0,5,0,19,5,22
17,0.3,0.05,0.6,2,2,10,28,0,5,0,18,5,23
17,0.3,0.05,0.6,2,2,10,29,0,5,0,18,6,22
17,0.3,0.05,0.6,2,2,10,30,0,5,0,18,6,22
18,0.3,0.05,0.6,2,2,10,0,47,2,2,0,0,0
18,0.3,0.05,0.6,2,2,10,1,30,13,1,7,0,0
18,0.3,0.05,0.6,2,2,10,2,10,28,1,8,0,4
18,0.3,0.05,0.6,2,2,10,3,0,34,1,10,1,5
18,0.3,0.05,0.6,2,2,10,4,0,29,1,14,2,5
18,0.3,0.05,0.6,2,2,10,5,0,28,1,15,2,5
18,0.3,0.05,0.6,2,2,10,6,0,21,1,19,2,8
18,0.3,0.05,0.6,2,2,10,7,0,19,1,19,2,10
18,0.3,0.05,0.6,2,2,10,8,0,16,1,22,3,9
18,0.3,0.05,0.6,2,2,10,9,0,11,1,25,4,10
18,0.3,0.05,0.6,2,2,10,10,0,8,1,26,4,12
18,0.3,0.05,0.6,2,2,10,11,0,7,1,26,7,10
18,0.3,0.05,0.6,2,2,10,12,0,6,1,25,10,9
18,0.3,0.05,0.6,2,2,10,13,0,4,1,27,10,9
18,0.3,0.05,0.6,2,2,10,14,0,4,1,27,10,9
18,0.3,0.05,0.6,2,2,10,15,0,3,1,28,11,8
18,0.3,0.05,0.6,2,2,10,16,0,3,1,28,11,8
18,0.3,0.05,0.6,2,2,10,17,0,3,1,28,11,8
18,0.3,0.05,0.6,2,2,10,18,0,1,1,28,11,10
18,0.3,0.05,0.6,2,2,10,19,0,1,1,28,12,9
18,0.3,0.05,0.6,2,2,10,20,0,1,1,28,12,9
18,0.3,0.05,0.6,2,2,10,21,0,1,1,28,12,9
18,0.3,0.05,0.6,2,2,10,22,0,1,1,28,12,9
18,0.3,0.05,0.6,2,2,10,23,0,1,1,28,12,9
18,0.3,0.05,0.6,2,2,10,24,0,1,1,27,12,10
18,0.3,0.05,0.6,2,2,10,25,0,1,1,27,13,9
18,0.3,0.05,0.6,2,2,10,26,0,1,1,27,14,8
18,0.3,0.05,0.6,2,2,10,27,0,0,1,28,14,8
18,0.3,0.05,0.6,2,2,10,28,0,0,1,28,14,8
18,0.3,0.05,0.6,2,2,10,29,0,0,1,28,14,8
18,0.3,0.05,0.6,2,2,10,30,0,0,1,28,14,8
19,0.3,0.05,0.6,2,2,10,0,47,2,2,0,0,0
19,0.3,0.05,0.6,2,2,10,1,31,14,1,5,0,0
19,0.3,0.05,0.6,2,2,10,2,11,26,1,11,0,2
19,0.3,0.05,0.6,2,2,10,3,0,33,1,15,0,2
19,0.3,0.05,0.6,2,2,10,4,0,28,1,18,0,4
19,0.3,0.05,0.6,2,2,10,5,0,25,1,20,1,4
19,0.3,0.05,0.6,2,2,10,6,0,21,1,24,1,4
19,0.3,0.05,0.6,2,2,10,7,0,18,1,24,1,7
19,0.3,0.05,0.6,2,2,10,8,0,17,1,25,1,7
19,0.3,0.05,0.6,2,2,10,9,0,14,1,24,3,9
19,0.3,0.05,0.6,2,2,10,10,0,11,1,27,4,8
19,0.3,0.05,0.6,2,2,10,11,0,10,1,28,5,7
19,0.3,0.05,0.6,2,2,10,12,0,8,1,27,6,9
19,0.3,0.05,0.6,2,2,10,13,0,8,1,27,7,8
19,0.3,0.05,0.6,2,2,10,14,0,8,1,27,7,8
19,0.3,0.05,0.6,2,2,10,15,0,6,1,29,10,5
19,0.3,0.05,0.6,2,2,10,16,0,6,1,29,11,4
19,0.3,0.05,0.6,2,2,10,17,0,5,1,29,11,5
19,0.3,0.05,0.6,2,2,10,18,0,3,1,29,10,8
19,0.3,0.05,0.6,2,2,10,19,0,3,0,30,11,7
19,0.3,0.05,0.6,2,2,10,20,0,3,0,30,11,7
19,0.3,0.05,0.6,2,2,10,21,0,1,0,30,10,10
19,0.3,0.05,0.6,2,2,10,22,0,1,0,30,10,10
19,0.3,0.05,0.6,2,2,10,23,0,1,0,30,11,9
19,0.3,0.05,0.6,2,2,10,24,0,1,0,30,12,8
19,0.3,0.05,0.6,2,2,10,25,0,1,0,28,12,10
19,0.3,0.05,0.6,2,2,10,26,0,1,0,28,13,9
19,0.3,0.05,0.6,2,2,10,27,0,0,0,28,13,10
19,0.3,0.05,0.6,2,2,10,28,0,0,0,27,13,11
19,0.3,0.05,0.6,2,2,10,29,0,0,0,27,13,11
19,0.3,0.05,0.6,2,2,10,30,0,0,0,27,14,10
20,0.3,0.05,0.6,2,2,10,0,47,2,2,0,0,0
20,0.3,0.05,0.6,2,2,10,1,31,12,1,7,0,0
20,0.3,0.05,0.6,2,2,10,2,11,26,1,13,0,0
20,0.3,0.05,0.6,2,2,10,3,0,31,1,16,0,3
20,0.3,0.05,0.6,2,2,10,4,0,29,1,17,1,3
20,0.3,0.05,0.6,2,2,10,5,0,26,1,18,1,5
20,0.3,0.05,0.6,2,2,10,6,0,22,1,20,4,4
20,0.3,0.05,0.6,2,2,10,7,0,21,1,19,4,6
20,0.3,0.05,0.6,2,2,10,8,0,20,1,20,4,6
20,0.3,0.05,0.6,2,2,10,9,0,20,1,20,5,5
20,0.3,0.05,0.6,2,2,10,10,0,21,0,20,5,5
20,0.3,0.05,0.6,2,2,10,11,0,18,0,20,5,8
20,0.3,0.05,0.6,2,2,10,12,0,17,0,20,5,9
20,0.3,0.05,0.6,2,2,10,13,0,16,0,21,5,9
20,0.3,0.05,0.6,2,2,10,14,0,16,0,21,5,9
20,0.3,0.05,0.6,2,2,10,15,0,15,0,22,5,9
20,0.3,0.05,0.6,2,2,10,16,0,14,0,21,6,10
20,0.3,0.05,0.6,2,2,10,17,0,14,0,21,5,11
20,0.3,0.05,0.6,2,2,10,18,0,12,0,20,6,13
20,0.3,0.05,0.6,2,2,10,19,0,11,0,19,8,13
20,0.3,0.05,0.6,2,2,10,20,0,11,0,18,9,13
20,0.3,0.05,0.6,2,2,10,21,0,9,0,17,8,17
20,0.3,0.05,0.6,2,2,10,22,0,9,0,17,9,16
20,0.3,0.05,0.6,2,2,10,23,0,9,0,17,9,16
20,0.3,0.05,0.6,2,2,10,24,0,6,0,17,8,20
20,0.3,0.05,0.6,2,2,10,25,0,5,0,17,10,19
20,0.3,0.05,0.6,2,2,10,26,0,5,0,17,10,19
20,0.3,0.05,0.6,2,2,10,27,0,3,0,17,10,21
20,0.3,0.05,0.6,2,2,10,28,0,3,0,15,10,23
20,0.3,0.05,0.6,2,2,10,29,0,3,0,15,10,23
20,0.3,0.05,0.6,2,2,10,30,0,3,0,13,11,24
21,0.3,0.05,0.6,2,2,10,0,47,2,2,0,0,0
21,0.3,0.05,0.6,2,2,10,1,29,16,1,5,0,0
21,0.3,0.05,0.6,2,2,10,2,9,29,1,10,0,2
21,0.3,0.05,0.6,2,2,10,3,0,36,1,12,1,1
21,0.3,0.05,0.6,2,2,10,4,0,30,1,16,1,3
21,0.3,0.05,0.6,2,2,10,5,0,24,1,18,1,7
21,0.3,0.05,0.6,2,2,10,6,0,20,1,22,1,7
21,0.3,0.05,0.6,2,2,10,7,1,18,0,22,1,9
21,0.3,0.05,0.6,2,2,10,8,0,14,0,27,1,9
21,0.3,0.05,0.6,2,2,10,9,0,10,0,29,3,9
21,0.3,0.05,0.6,2,2,10,10,0,8,0,30,3,10
21,0.3,0.05,0.6,2,2,10,11,0,5,0,31,4,11
21,0.3,0.05,0.6,2,2,10,12,0,5,0,31,5,10
21,0.3,0.05,0.6,2,2,10,13,0,2,0,31,5,13
21,0.3,0.05,0.6,2,2,10,14,0,2,0,31,5,13
21,0.3,0.05,0.6,2,2,10,15,0,2,0,31,7,11
21,0.3,0.05,0.6,2,2,10,16,0,2,0,30,8,11
21,0.3,0.05,0.6,2,2,10,17,0,2,0,30,10,9
21,0.3,0.05,0.6,2,2,10,18,0,1,0,28,9,13
21,0.3,0.05,0.6,2,2,10,19,0,1,0,27,12,11
21,0.3,0.05,0.6,2,2,10,20,0,1,0,27,12,11
21,0.3,0.05,0.6,2,2,10,21,0,1,0,27,12,11
21,0.3,0.05,0.6,2,2,10,22,0,1,0,27,12,11
21,0.3,0.05,0.6,2,2,10,23,0,1,0,25,11,14
21,0.3,0.05,0.6,2,2,10,24,0,1,0,23,12,15
21,0.3,0.05,0.6,2,2,10,25,0,1,0,23,14,13
21,0.3,0.05,0.6,2,2,10,26,0,1,0,23,16,11
21,0.3,0.05,0.6,2,2,10,27,0,1,0,23,17,10
21,0.3,0.05,0.6,2,2,10,28,0,1,0,22,16,12
21,0.3,0.05,0.6,2,2,10,29,0,1,0,22,16,12
21,0.3,0.05,0.6,2,2,10,30,0,1,0,21,18,11
22,0.3,0.05,0.6,2,2,10,0,47,2,2,0,0,0
22,0.3,0.05,0.6,2,2,10,1,29,14,1,7,0,0
22,0.3,0.05,0.6,2,2,10,2,9,26,1,12,0,3
22,0.3,0.05,0.6,2,2,10,3,1,31,0,14,0,5
22,0.3,0.05,0.6,2,2,10,4,1,27,0,17,0,6
22,0.3,0.05,0.6,2,2,10,5,0,24,0,21,0,6
22,0.3,0.05,0.6,2,2,10,6,0,17,0,27,1,6
22,0.3,0.05,0.6,2,2,10,7,0,17,0,27,1,6
22,0.3,0.05,0.6,2,2,10,8,0,15,0,29,3,4
22,0.3,0.05,0.6,2,2,10,9,0,12,0,32,3,4
22,0.3,0.05,0.6,2,2,10,10,0,9,0,33,3,6
22,0.3,0.05,0.6,2,2,10,11,0,6,0,36,3,6
22,0.3,0.05,0.6,2,2,10,12,0,3,0,37,2,9
22,0.3,0.05,0.6,2,2,10,13,0,3,0,35,4,9
22,0.3,0.05,0.6,2,2,10,14,0,3,0,35,4,9
22,0.3,0.05,0.6,2,2,10,15,0,2,0,36,5,8
22,0.3,0.05,0.6,2,2,10,16,0,2,0,35,5,9
22,0.3,0.05,0.6,2,2,10,17,0,1,0,35,8,7
22,0.3,0.05,0.6,2,2,10,18,0,1,0,34,9,7
22,0.3,0.05,0.6,2,2,10,19,0,1,0,34,9,7
22,0.3,0.05,0.6,2,2,10,20,0,1,0,33,8,9
22,0.3,0.05,0.6,2,2,10,21,0,1,0,33,8,9
22,0.3,0.05,0.6,2,2,10,22,0,1,0,33,10,7
22,0.3,0.05,0.6,2,2,10,23,0,1,0,33,10,7
22,0.3,0.05,0.6,2,2,10,24,0,1,0,31,11,8
22,0.3,0.05,0.6,2,2,10,25,0,1,0,31,12,7
22,0.3,0.05,0.6,2,2,10,26,0,1,0,31,11,8
22,0.3,0.05,0.6,2,2,10,27,0,1,0,31,12,7
22,0.3,0.05,0.6,2,2,10,28,0,1,0,31,12,7
22,0.3,0.05,0.6,2,2,10,29,0,1,0,31,12,7
22,0.3,0.05,0.6,2,2,10,30,0,1,0,31,12,7
23,0.3,0.05,0.6,2,2,10,0,47,2,2,0,0,0
23,0.3,0.05,0.6,2,2,10,1,29,16,1,5,0,0
23,0.3,0.05,0.6,2,2,10,2,9,32,1,9,0,0
23,0.3,0.05,0.6,2,2,10,3,0,33,1,13,0,4
23,0.3,0.05,0.6,2,2,10,4,0,29,1,15,0,6
23,0.3,0.05,0.6,2,2,10,5,0,26,1,17,0,7
23,0.3,0.05,0.6,2,2,10,6,0,21,1,21,2,6
23,0.3,0.05,0.6,2,2,10,7,1,20,0,21,2,7
23,0.3,0.05,0.6,2,2,10,8,0,21,0,21,4,5
23,0.3,0.05,0.6,2,2,10,9,0,19,0,22,5,5
23,0.3,0.05,0.6,2,2,10,10,0,15,0,25,5,6
23,0.3,0.05,0.6,2,2,10,11,0,11,0,28,6,6
23,0.3,0.05,0.6,2,2,10,12,0,10,0,27,5,9
23,0.3,0.05,0.6,2,2,10,13,0,6,0,30,5,10
23,0.3,0.05,0.6,2,2,10,14,0,6,0,29,5,11
23,0.3,0.05,0.6,2,2,10,15,0,5,0,30,7,9
23,0.3,0.05,0.6,2,2,10,16,0,3,0,31,10,7
23,0.3,0.05,0.6,2,2,10,17,0,2,0,32,10,7
23,0.3,0.05,0.6,2,2,10,18,0,2,0,30,10,9
23,0.3,0.05,0.6,2,2,10,19,0,2,0,30,11,8
23,0.3,0.05,0.6,2,2,10,20,0,2,0,28,10,11
23,0.3,0.05,0.6,2,2,10,21,0,1,0,28,10,12
23,0.3,0.05,0.6,2,2,10,22,0,1,0,28,12,10
23,0.3,0.05,0.6,2,2,10,23,0,1,0,28,12,10
23,0.3,0.05,0.6,2,2,10,24,0,0,0,29,14,8
23,0.3,0.05,0.6,2,2,10,25,0,0,0,28,14,9
23,0.3,0.05,0.6,2,2,10,26,0,0,0,27,15,9
23,0.3,0.05,0.6,2,2,10,27,0,0,0,27,15,9
23,0.3,0.05,0.6,2,2,10,28,0,0,0,27,15,9
23,0.3,0.05,0.6,2,2,10,29,0,0,0,27,15,9
23,0.3,0.05,0.6,2,2,10,30,0,0,0,26,15,10
24,0.3,0.05,0.6,2,2,10,0,47,2,2,0,0,0
24,0.3,0.05,0.6,2,2,10,1,29,17,1,4,0,0
24,0.3,0.05,0.6,2,2,10,2,9,35,1,6,0,0
24,0.3,0.05,0.6,2,2,10,3,0,39,1,8,0,3
24,0.3,0.05,0.6,2,2,10,4,0,30,1,12,1,7
24,0.3,0.05,0.6,2,2,10,5,0,23,1,14,2,11
24,0.3,0.05,0.6,2,2,10,6,0,20,1,16,3,11
24,0.3,0.05,0.6,2,2,10,7,0,19,1,16,3,12
24,0.3,0.05,0.6,2,2,10,8,0,17,1,18,4,11
24,0.3,0.05,0.6,2,2,10,9,0,17,1,18,5,10
24,0.3,0.05,0.6,2,2,10,10,0,15,1,18,5,12
24,0.3,0.05,0.6,2,2,10,11,0,15,0,18,6,12
24,0.3,0.05,0.6,2,2,10,12,0,15,0,18,6,12
24,0.3,0.05,0.6,2,2,10,13,0,14,0,18,6,13
24,0.3,0.05,0.6,2,2,10,14,0,13,0,17,5,16
24,0.3,0.05,0.6,2,2,10,15,0,13,0,17,5,16
24,0.3,0.05,0.6,2,2,10,16,0,13,0,17,7,14
24,0.3,0.05,0.6,2,2,10,17,0,13,0,17,8,13
24,0.3,0.05,0.6,2,2,10,18,0,13,0,17,8,13
24,0.3,0.05,0.6,2,2,10,19,0,12,0,17,9,13
24,0.3,0.05,0.6,2,2,10,20,0,12,0,17,9,13
24,0.3,0.05,0.6,2,2,10,21,0,12,0,16,9,14
24,0.3,0.05,0.6,2,2,10,22,0,12,0,16,9,14
24,0.3,0.05,0.6,2,2,10,23,0,11,0,15,10,15
24,0.3,0.05,0.6,2,2,10,24,0,11,0,15,10,15
24,0.3,0.05,0.6,2,2,10,25,0,10,0,15,10,16
24,0.3,0.05,0.6,2,2,10,26,0,10,0,15,9,17
24,0.3,0.05,0.6,2,2,10,27,0,10,0,14,9,18
24,0.3,0.05,0.6,2,2,10,28,0,9,0,14,9,19
24,0.3,0.05,0.6,2,2,10,29,0,9,0,14,10,18
24,0.3,0.05,0.6,2,2,10,30,0,8,0,14,11,18
25,0.3,0.05,0.6,2,2,10,0,47,2,2,0,0,0
25,0.3,0.05,0.6,2,2,10,1,29,15,1,6,0,0
25,0.3,0.05,0.6,2,2,10,2,9,34,1,6,0,1
25,0.3,0.05,0.6,2,2,10,3,0,36,1,10,0,4
25,0.3,0.05,0.6,2,2,10,4,0,33,0,10,0,8
25,0.3,0.05,0.6,2,2,10,5,0,31,0,10,0,10
25,0.3,0.05,0.6,2,2,10,6,0,29,0,10,0,12
25,0.3,0.05,0.6,2,2,10,7,0,26,0,10,0,15
25,0.3,0.05,0.6,2,2,10,8,0,26,0,10,0,15
25,0.3,0.05,0.6,2,2,10,9,0,25,0,10,1,15
25,0.3,0.05,0.6,2,2,10,10,0,22,0,11,2,16
25,0.3,0.05,0.6,2,2,10,11,0,20,0,12,2,17
25,0.3,0.05,0.6,2,2,10,12,0,19,0,12,4,16
25,0.3,0.05,0.6,2,2,10,13,0,18,0,13,4,16
25,0.3,0.05,0.6,2,2,10,14,0,17,0,13,4,17
25,0.3,0.05,0.6,2,2,10,15,0,16,0,14,4,17
25,0.3,0.05,0.6,2,2,10,16,0,14,0,14,4,19
25,0.3,0.05,0.6,2,2,10,17,0,13,0,14,4,20
25,0.3,0.05,0.6,2,2,10,18,0,12,0,14,4,21
25,0.3,0.05,0.6,2,2,10,19,0,10,0,14,4,23
25,0.3,0.05,0.6,2,2,10,20,0,10,0,14,4,23
25,0.3,0.05,0.6,2,2,10,21,0,10,0,14,4,23
25,0.3,0.05,0.6,2,2,10,22,0,10,0,14,4,23
25,0.3,0.05,0.6,2,2,10,23,0,10,0,14,4,23
25,0.3,0.05,0.6,2,2,10,24,0,9,0,14,4,24
25,0.3,0.05,0.6,2,2,10,25,0,8,0,14,4,25
25,0.3,0.05,0.6,2,2,10,26,0,7,0,14,5,25
25,0.3,0.05,0.6,2,2,10,27,0,7,0,12,4,28
25,0.3,0.05,0.6,2,2,10,28,0,7,0,12,4,28
25,0.3,0.05,0.6,2,2,10,29,0,7,0,12,6,26
25,0.3,0.05,0.6,2,2,10,30,0,7,0,12,6,26
26,0.3,0.05,0.6,2,2,10,0,47,2,2,0,0,0
26,0.3,0.05,0.6,2,2,10,1,30,18,1,2,0,0
26,0.3,0.05,0.6,2,2,10,2,10,34,1,6,0,0
26,0.3,0.05,0.6,2,2,10,3,0,36,1,10,0,4
26,0.3,0.05,0.6,2,2,10,4,0,31,1,13,1,5
26,0.3,0.05,0.6,2,2,10,5,0,27,1,16,1,6
26,0.3,0.05,0.6,2,2,10,6,0,24,1,19,2,5
26,0.3,0.05,0.6,2,2,10,7,0,22,1,18,2,8
26,0.3,0.05,0.6,2,2,10,8,0,19,1,21,2,8
26,0.3,0.05,0.6,2,2,10,9,0,16,1,21,3,10
26,0.3,0.05,0.6,2,2,10,10,0,15,1,21,3,11
26,0.3,0.05,0.6,2,2,10,11,0,13,1,22,4,11
26,0.3,0.05,0.6,2,2,10,12,0,11,1,22,4,13
26,0.3,0.05,0.6,2,2,10,13,0,11,1,22,4,13
26,0.3,0.05,0.6,2,2,10,14,0,11,1,22,4,13
26,0.3,0.05,0.6,2,2,10,15,0,10,1,23,4,13
26,0.3,0.05,0.6,2,2,10,16,0,9,1,23,4,14
26,0.3,0.05,0.6,2,2,10,17,0,8,0,23,4,16
26,0.3,0.05,0.6,2,2,10,18,0,8,0,23,5,15
26,0.3,0.05,0.6,2,2,10,19,0,8,0,23,4,16
26,0.3,0.05,0.6,2,2,10,20,0,8,0,23,5,15
26,0.3,0.05,0.6,2,2,10,21,0,7,0,22,5,17
26,0.3,0.05,0.6,2,2,10,22,0,7,0,22,5,17
26,0.3,0.05,0.6,2,2,10,23,0,6,0,22,5,18
26,0.3,0.05,0.6,2,2,10,24,0,6,0,21,5,19
26,0.3,0.05,0.6,2,2,10,25,0,5,0,21,7,18
26,0.3,0.05,0.6,2,2,10,26,0,5,0,21,7,18
26,0.3,0.05,0.6,2,2,10,27,0,5,0,20,7,19
26,0.3,0.05,0.6,2,2,10,28,0,5,0,19,7,20
26,0.3,0.05,0.6,2,2,10,29,0,5,0,19,7,20
26,0.3,0.05,0.6,2,2,10,30,0,5,0,18,8,20
27,0.3,0.05,0.6,2,2,10,0,47,2,2,0,0,0
27,0.3,0.05,0.6,2,2,10,1,29,16,1,5,0,0
27,0.3,0.05,0.6,2,2,10,2,9,27,1,9,0,5
27,0.3,0.05,0.6,2,2,10,3,0,30,1,12,1,7
27,0.3,0.05,0.6,2,2,10,4,0,23,1,15,1,11
27,0.3,0.05,0.6,2,2,10,5,0,20,1,16,2,12
27,0.3,0.05,0.6,2,2,10,6,0,15,1,18,4,13
27,0.3,0.05,0.6,2,2,10,7,0,14,1,18,4,14
27,0.3,0.05,0.6,2,2,10,8,0,14,1,18,6,12
27,0.3,0.05,0.6,2,2,10,9,0,13,1,17,6,14
27,0.3,0.05,0.6,2,2,10,10,0,13,1,17,7,13
27,0.3,0.05,0.6,2,2,10,11,0,13,1,17,7,13
27,0.3,0.05,0.6,2,2,10,12,0,12,1,17,8,13
27,0.3,0.05,0.6,2,2,10,13,0,11,1,17,8,14
27,0.3,0.05,0.6,2,2,10,14,0,11,1,17,8,14
27,0.3,0.05,0.6,2,2,10,15,0,11,1,17,9,13
27,0.3,0.05,0.6,2,2,10,16,0,10,1,18,9,13
27,0.3,0.05,0.6,2,2,10,17,0,9,1,18,9,14
27,0.3,0.05,0.6,2,2,10,18,0,9,0,19,9,14
27,0.3,0.05,0.6,2,2,10,19,0,8,0,18,9,16
27,0.3,0.05,0.6,2,2,10,20,0,6,0,19,11,15
27,0.3,0.05,0.6,2,2,10,21,0,5,0,19,11,16
27,0.3,0.05,0.6,2,2,10,22,0,4,0,20,11,16
27,0.3,0.05,0.6,2,2,10,23,0,3,0,21,11,16
27,0.3,0.05,0.6,2,2,10,24,0,3,0,20,11,17
27,0.3,0.05,0.6,2,2,10,25,0,3,0,20,13,15
27,0.3,0.05,0.6,2,2,10,26,0,3,0,20,14,14
27,0.3,0.05,0.6,2,2,10,27,0,3,0,20,15,13
27,0.3,0.05,0.6,2,2,10,28,0,3,0,19,15,14
27,0.3,0.05,0.6,2,2,10,29,0,3,0,19,18,11
27,0.3,0.05,0.6,2,2,10,30,0,3,0,18,20,10
28,0.3,0.05,0.6,2,2,10,0,47,2,2,0,0,0
28,0.3,0.05,0.6,2,2,10,1,30,13,1,7,0,0
28,0.3,0.05,0.6,2,2,10,2,10,28,1,11,0,1
28,0.3,0.05,0.6,2,2,10,3,0,31,1,14,0,5
28,0.3,0.05,0.6,2,2,10,4,0,27,1,17,0,6
28,0.3,0.05,0.6,2,2,10,5,0,22,1,18,1,9
28,0.3,0.05,0.6,2,2,10,6,0,21,1,18,4,7
28,0.3,0.05,0.6,2,2,10,7,0,18,1,18,4,10
28,0.3,0.05,0.6,2,2,10,8,0,18,1,18,4,10
28,0.3,0.05,0.6,2,2,10,9,0,17,1,19,4,10
28,0.3,0.05,0.6,2,2,10,10,0,13,1,20,4,13
28,0.3,0.05,0.6,2,2,10,11,0,12,1,19,5,14
28,0.3,0.05,0.6,2,2,10,12,0,10,1,21,7,12
28,0.3,0.05,0.6,2,2,10,13,0,10,1,20,10,10
28,0.3,0.05,0.6,2,2,10,14,0,9,1,20,9,12
28,0.3,0.05,0.6,2,2,10,15,0,6,1,23,10,11
28,0.3,0.05,0.6,2,2,10,16,0,3,1,24,10,13
28,0.3,0.05,0.6,2,2,10,17,0,3,1,24,11,12
28,0.3,0.05,0.6,2,2,10,18,0,2,1,24,14,10
28,0.3,0.05,0.6,2,2,10,19,0,1,1,25,14,10
28,0.3,0.05,0.6,2,2,10,20,0,0,1,24,14,12
28,0.3,0.05,0.6,2,2,10,21,0,0,1,24,13,13
28,0.3,0.05,0.6,2,2,10,22,0,0,1,24,15,11
28,0.3,0.05,0.6,2,2,10,23,0,0,1,24,15,11
28,0.3,0.05,0.6,2,2,10,24,0,0,1,24,17,9
28,0.3,0.05,0.6,2,2,10,25,0,1,0,24,17,9
28,0.3,0.05,0.6,2,2,10,26,0,1,0,23,17,10
28,0.3,0.05,0.6,2,2,10,27,0,1,0,23,18,9
28,0.3,0.05,0.6,2,2,10,28,0,1,0,23,17,10
28,0.3,0.05,0.6,2,2,10,29,0,1,0,23,18,9
28,0.3,0.05,0.6,2,2,10,30,0,1,0,22,19,9
29,0.3,0.05,0.6,2,2,10,0,47,2,2,0,0,0
29,0.3,0.05,0.6,2,2,10,1,30,16,1,4,0,0
29,0.3,0.05,0.6,2,2,10,2,10,31,1,9,0,0
29,0.3,0.05,0.6,2,2,10,3,0,31,1,14,0,5
29,0.3,0.05,0.6,2,2,10,4,0,28,1,16,0,6
29,0.3,0.05,0.6,2,2,10,5,0,22,1,20,0,8
29,0.3,0.05,0.6,2,2,10,6,0,15,1,25,1,9
29,0.3,0.05,0.6,2,2,10,7,0,14,1,24,1,11
29,0.3,0.05,0.6,2,2,10,8,0,12,1,26,2,10
29,0.3,0.05,0.6,2,2,10,9,0,8,1,26,5,11
29,0.3,0.05,0.6,2,2,10,10,0,7,1,25,6,12
29,0.3,0.05,0.6,2,2,10,11,0,6,1,26,7,11
29,0.3,0.05,0.6,2,2,10,12,0,7,0,26,7,11
29,0.3,0.05,0.6,2,2,10,13,0,7,0,26,8,10
29,0.3,0.05,0.6,2,2,10,14,0,7,0,25,8,11
29,0.3,0.05,0.6,2,2,10,15,0,6,0,26,9,10
29,0.3,0.05,0.6,2,2,10,16,0,6,0,26,9,10
29,0.3,0.05,0.6,2,2,10,17,0,6,0,26,9,10
29,0.3,0.05,0.6,2,2,10,18,0,6,0,26,10,9
29,0.3,0.05,0.6,2,2,10,19,0,5,0,24,11,11
29,0.3,0.05,0.6,2,2,10,20,0,4,0,25,11,11
29,0.3,0.05,0.6,2,2,10,21,0,4,0,25,10,12
29,0.3,0.05,0.6,2,2,10,22,0,3,0,26,12,10
29,0.3,0.05,0.6,2,2,10,23,0,3,0,25,13,10
29,0.3,0.05,0.6,2,2,10,24,0,3,0,25,13,10
29,0.3,0.05,0.6,2,2,10,25,0,3,0,25,13,10
29,0.3,0.05,0.6,2,2,10,26,0,3,0,25,13,10
29,0.3,0.05,0.6,2,2,10,27,0,3,0,24,13,11
29,0.3,0.05,0.6,2,2,10,28,0,2,0,24,13,12
29,0.3,0.05,0.6,2,2,10,29,0,2,0,24,14,11
29,0.3,0.05,0.6,2,2,10,30,0,2,0,23,15,11
30,0.3,0.05,0.6,2,2,10,0,47,2,2,0,0,0
30,0.3,0.05,0.6,2,2,10,1,30,14,1,6,0,0
30,0.3,0.05,0.6,2,2,10,2,11,27,1,11,0,1
30,0.3,0.05,0.6,2,2,10,3,1,32,1,14,1,2
30,0.3,0.05,0.6,2,2,10,4,0,29,1,17,1,3
30,0.3,0.05,0.6,2,2,10,5,0,21,1,19,1,9
30,0.3,0.05,0.6,2,2,10,6,0,21,0,20,1,9
30,0.3,0.05,0.6,2,2,10,7,0,20,0,20,1,10
30,0.3,0.05,0.6,2,2,10,8,0,20,0,20,1,10
30,0.3,0.05,0.6,2,2,10,9,0,20,0,20,2,9
30,0.3,0.05,0.6,2,2,10,10,0,20,0,19,2,10
30,0.3,0.05,0.6,2,2,10,11,0,17,0,19,3,12
30,0.3,0.05,0.6,2,2,10,12,0,17,0,19,3,12
30,0.3,0.05,0.6,2,2,10,13,0,16,0,19,6,10
30,0.3,0.05,0.6,2,2,10,14,0,16,0,19,5,11
30,0.3,0.05,0.6,2,2,10,15,0,15,0,20,5,11
30,0.3,0.05,0.6,2,2,10,16,0,15,0,20,5,11
30,0.3,0.05,0.6,2,2,10,17,0,15,0,20,5,11
30,0.3,0.05,0.6,2,2,10,18,0,14,0,20,5,12
30,0.3,0.05,0.6,2,2,10,19,0,13,0,20,5,13
30,0.3,0.05,0.6,2,2,10,20,0,13,0,18,5,15
30,0.3,0.05,0.6,2,2,10,21,0,13,0,17,5,16
30,0.3,0.05,0.6,2,2,10,22,0,13,0,17,6,15
30,0.3,0.05,0.6,2,2,10,23,0,12,0,17,8,14
30,0.3,0.05,0.6,2,2,10,24,0,12,0,17,8,14
30,0.3,0.05,0.6,2,2,10,25,0,12,0,17,9,13
30,0.3,0.05,0.6,2,2,10,26,0,11,0,17,10,13
30,0.3,0.05,0.6,2,2,10,27,0,10,0,17,10,14
30,0.3,0.05,0.6,2,2,10,28,0,9,0,17,10,15
30,0.3,0.05,0.6,2,2,10,29,0,9,0,17,10,15
30,0.3,0.05,0.6,2,2,10,30,0,9,0,17,10,15
31,0.3,0.05,0.6,2,2,10,0,47,2,2,0,0,0
31,0.3,0.05,0.6,2,2,10,1,29,15,1,6,0,0
31,0.3,0.05,0.6,2,2,10,2,9,30,1,9,0,2
31,0.3,0.05,0.6,2,2,10,3,0,35,1,12,0,3
31,0.3,0.05,0.6,2,2,10,4,0,25,1,17,0,8
31,0.3,0.05,0.6,2,2,10,5,0,23,1,17,2,8
31,0.3,0.05,0.6,2,2,10,6,0,20,1,19,3,8
31,0.3,0.05,0.6,2,2,10,7,1,19,0,19,3,9
31,0.3,0.05,0.6,2,2,10,8,0,19,0,20,3,9
31,0.3,0.05,0.6,2,2,10,9,0,17,0,21,4,9
31,0.3,0.05,0.6,2,2,10,10,0,16,0,20,4,11
31,0.3,0.05,0.6,2,2,10,11,0,12,0,21,5,13
31,0.3,0.05,0.6,2,2,10,12,0,9,0,22,7,13
31,0.3,0.05,0.6,2,2,10,13,0,8,0,23,7,13
31,0.3,0.05,0.6,2,2,10,14,0,7,0,22,7,15
31,0.3,0.05,0.6,2,2,10,15,0,7,0,22,9,13
31,0.3,0.05,0.6,2,2,10,16,0,5,0,24,11,11
31,0.3,0.05,0.6,2,2,10,17,0,4,0,24,11,12
31,0.3,0.05,0.6,2,2,10,18,0,4,0,22,12,13
31,0.3,0.05,0.6,2,2,10,19,0,3,0,22,11,15
31,0.3,0.05,0.6,2,2,10,20,0,2,0,23,11,15
31,0.3,0.05,0.6,2,2,10,21,0,2,0,23,11,15
31,0.3,0.05,0.6,2,2,10,22,0,2,0,23,12,14
31,0.3,0.05,0.6,2,2,10,23,0,1,0,23,13,14
31,0.3,0.05,0.6,2,2,10,24,0,0,0,24,13,14
31,0.3,0.05,0.6,2,2,10,25,0,0,0,23,13,15
31,0.3,0.05,0.6,2,2,10,26,0,0,0,22,15,14
31,0.3,0.05,0.6,2,2,10,27,0,0,0,22,16,13
31,0.3,0.05,0.6,2,2,10,28,0,0,0,22,16,13
31,0.3,0.05,0.6,2,2,10,29,0,0,0,22,17,12
31,0.3,0.05,0.6,2,2,10,30,0,0,0,22,17,12
32,0.3,0.05,0.6,2,2,10,0,47,2,2,0,0,0
32,0.3,0.05,0.6,2,2,10,1,29,14,1,7,0,0
32,0.3,0.05,0.6,2,2,10,2,9,29,1,11,0,1
32,0.3,0.05,0.6,2,2,10,3,0,32,1,14,0,4
32,0.3,0.05,0.6,2,2,10,4,0,29,1,16,1,4
32,0.3,0.05,0.6,2,2,10,5,0,26,1,17,2,5
32,0.3,0.05,0.6,2,2,10,6,0,21,1,22,2,5
32,0.3,0.05,0.6,2,2,10,7,0,17,1,22,2,9
32,0.3,0.05,0.6,2,2,10,8,0,17,0,23,2,9
32,0.3,0.05,0.6,2,2,10,9,0,17,0,23,2,9
32,0.3,0.05,0.6,2,2,10,10,0,17,0,22,2,10
32,0.3,0.05,0.6,2,2,10,11,0,17,0,21,2,11
32,0.3,0.05,0.6,2,2,10,12,0,15,0,19,3,14
32,0.3,0.05,0.6,2,2,10,13,0,14,0,19,5,13
32,0.3,0.05,0.6,2,2,10,14,0,14,0,18,5,14
32,0.3,0.05,0.6,2,2,10,15,0,14,0,18,6,13
32,0.3,0.05,0.6,2,2,10,16,0,12,0,19,7,13
32,0.3,0.05,0.6,2,2,10,17,0,10,0,20,9,12
32,0.3,0.05,0.6,2,2,10,18,0,8,0,22,12,9
32,0.3,0.05,0.6,2,2,10,19,0,7,0,23,10,11
32,0.3,0.05,0.6,2,2,10,20,0,4,0,24,10,13
32,0.3,0.05,0.6,2,2,10,21,0,4,0,24,10,13
32,0.3,0.05,0.6,2,2,10,22,0,3,0,25,12,11
32,0.3,0.05,0.6,2,2,10,23,0,3,0,24,14,10
32,0.3,0.05,0.6,2,2,10,24,0,2,0,25,14,10
32,0.3,0.05,0.6,2,2,10,25,0,2,0,25,15,9
32,0.3,0.05,0.6,2,2,10,26,0,2,0,25,15,9
32,0.3,0.05,0.6,2,2,10,27,0,2,0,24,16,9
32,0.3,0.05,0.6,2,2,10,28,0,2,0,24,16,9
32,0.3,0.05,0.6,2,2,10,29,0,2,0,24,17,8
32,0.3,0.05,0.6,2,2,10,30,0,0,0,23,17,11
33,0.3,0.05,0.6,2,2,10,0,47,2,2,0,0,0
33,0.3,0.05,0.6,2,2,10,1,30,15,1,5,0,0
33,0.3,0.05,0.6,2,2,10,2,10,30,1,9,0,1
33,0.3,0.05,0.6,2,2,10,3,0,35,1,12,0,3
33,0.3,0.05,0.6,2,2,10,4,0,28,1,16,0,6
33,0.3,0.05,0.6,2,2,10,5,0,24,1,19,1,6
33,0.3,0.05,0.6,2,2,10,6,0,19,1,22,2,7
33,0.3,0.05,0.6,2,2,10,7,0,18,1,22,2,8
33,0.3,0.05,0.6,2,2,10,8,0,17,1,23,2,8
33,0.3,0.05,0.6,2,2,10,9,0,17,1,23,2,8
33,0.3,0.05,0.6,2,2,10,10,0,16,1,24,2,8
33,0.3,0.05,0.6,2,2,10,11,0,15,1,25,2,8
33,0.3,0.05,0.6,2,2,10,12,0,14,1,26,2,8
33,0.3,0.05,0.6,2,2,10,13,0,12,1,28,3,7
33,0.3,0.05,0.6,2,2,10,14,0,12,1,27,3,8
33,0.3,0.05,0.6,2,2,10,15,0,10,1,29,4,7
33,0.3,0.05,0.6,2,2,10,16,0,8,1,31,4,7
33,0.3,0.05,0.6,2,2,10,17,0,6,1,33,4,7
33,0.3,0.05,0.6,2,2,10,18,0,5,1,34,4,7
33,0.3,0.05,0.6,2,2,10,19,0,5,1,33,5,7
33,0.3,0.05,0.6,2,2,10,20,0,2,1,32,7,9
33,0.3,0.05,0.6,2,2,10,21,0,2,1,31,6,11
33,0.3,0.05,0.6,2,2,10,22,0,2,1,31,9,8
33,0.3,0.05,0.6,2,2,10,23,0,2,1,31,9,8
33,0.3,0.05,0.6,2,2,10,24,0,2,1,31,9,8
33,0.3,0.05,0.6,2,2,10,25,0,2,1,31,10,7
33,0.3,0.05,0.6,2,2,10,26,0,3,0,31,11,6
33,0.3,0.05,0.6,2,2,10,27,0,3,0,31,11,6
33,0.3,0.05,0.6,2,2,10,28,0,2,0,31,11,7
33,0.3,0.05,0.6,2,2,10,29,0,2,0,31,11,7
33,0.3,0.05,0.6,2,2,10,30,0,2,0,31,11,7
34,0.3,0.05,0.6,2,2,10,0,47,2,2,0,0,0
34,0.3,0.05,0.6,2,2,10,1,31,12,1,7,0,0
34,0.3,0.05,0.6,2,2,10,2,12,27,1,10,0,1
34,0.3,0.05,0.6,2,2,10,3,1,34,1,12,0,3
34,0.3,0.05,0.6,2,2,10,4,0,29,1,16,0,5
34,0.3,0.05,0.6,2,2,10,5,0,23,1,18,1,8
34,0.3,0.05,0.6,2,2,10,6,0,20,1,20,3,7
34,0.3,0.05,0.6,2,2,10,7,0,18,1,20,3,9
34,0.3,0.05,0.6,2,2,10,8,0,16,0,23,4,8
34,0.3,0.05,0.6,2,2,10,9,0,13,0,26,6,6
34,0.3,0.05,0.6,2,2,10,10,0,11,0,28,6,6
34,0.3,0.05,0.6,2,2,10,11,0,9,0,29,5,8
34,0.3,0.05,0.6,2,2,10,12,0,7,0,30,7,7
34,0.3,0.05,0.6,2,2,10,13,0,4,0,33,7,7
34,0.3,0.05,0.6,2,2,10,14,0,2,0,33,7,9
34,0.3,0.05,0.6,2,2,10,15,0,1,0,34,9,7
34,0.3,0.05,0.6,2,2,10,16,0,0,0,34,11,6
34,0.3,0.05,0.6,2,2,10,17,0,0,0,32,10,9
34,0.3,0.05,0.6,2,2,10,18,0,0,0,32,10,9
34,0.3,0.05,0.6,2,2,10,19,0,0,0,32,11,8
34,0.3,0.05,0.6,2,2,10,20,0,0,0,30,12,9
34,0.3,0.05,0.6,2,2,10,21,0,0,0,29,12,10
34,0.3,0.05,0.6,2,2,10,22,0,0,0,29,13,9
34,0.3,0.05,0.6,2,2,10,23,0,0,0,27,12,12
34,0.3,0.05,0.6,2,2,10,24,0,0,0,27,14,10
34,0.3,0.05,0.6,2,2,10,25,0,0,0,27,14,10
34,0.3,0.05,0.6,2,2,10,26,0,0,0,26,15,10
34,0.3,0.05,0.6,2,2,10,27,0,0,0,26,15,10
34,0.3,0.05,0.6,2,2,10,28,0,0,0,26,15,10
34,0.3,0.05,0.6,2,2,10,29,0,0,0,26,16,9
34,0.3,0.05,0.6,2,2,10,30,0,0,0,26,16,9
35,0.3,0.05,0.6,2,2,10,0,47,2,2,0,0,0
35,0.3,0.05,0.6,2,2,10,1,29,16,1,5,0,0
35,0.3,0.05,0.6,2,2,10,2,10,32,0,5,0,4
35,0.3,0.05,0.6,2,2,10,3,0,35,0,7,0,9
35,0.3,0.05,0.6,2,2,10,4,0,34,0,7,0,10
35,0.3,0.05,0.6,2,2,10,5,0,32,0,8,0,11
35,0.3,0.05,0.6,2,2,10,6,0,31,0,8,0,12
35,0.3,0.05,0.6,2,2,10,7,0,26,0,8,0,17
35,0.3,0.05,0.6,2,2,10,8,0,26,0,8,1,16
35,0.3,0.05,0.6,2,2,10,9,0,24,0,8,1,18
35,0.3,0.05,0.6,2,2,10,10,0,19,0,9,2,21
35,0.3,0.05,0.6,2,2,10,11,0,18,0,9,2,22
35,0.3,0.05,0.6,2,2,10,12,0,17,0,9,3,22
35,0.3,0.05,0.6,2,2,10,13,0,16,0,9,3,23
35,0.3,0.05,0.6,2,2,10,14,0,14,0,9,3,25
35,0.3,0.05,0.6,2,2,10,15,0,13,0,10,3,25
35,0.3,0.05,0.6,2,2,10,16,0,12,0,10,3,26
35,0.3,0.05,0.6,2,2,10,17,0,11,0,10,3,27
35,0.3,0.05,0.6,2,2,10,18,0,11,0,10,3,27
35,0.3,0.05,0.6,2,2,10,19,0,10,0,10,3,28
35,0.3,0.05,0.6,2,2,10,20,0,10,0,10,3,28
35,0.3,0.05,0.6,2,2,10,21,0,9,0,10,3,29
35,0.3,0.05,0.6,2,2,10,22,0,9,0,10,4,28
35,0.3,0.05,0.6,2,2,10,23,0,7,0,10,8,26
35,0.3,0.05,0.6,2,2,10,24,0,6,0,11,12,22
35,0.3,0.05,0.6,2,2,10,25,0,2,0,14,13,22
35,0.3,0.05,0.6,2,2,10,26,0,2,0,14,14,21
35,0.3,0.05,0.6,2,2,10,27,0,2,0,14,15,20
35,0.3,0.05,0.6,2,2,10,28,0,2,0,13,15,21
35,0.3,0.05,0.6,2,2,10,29,0,2,0,13,15,21
35,0.3,0.05,0.6,2,2,10,30,0,2,0,13,18,18
36,0.3,0.05,0.6,2,2,10,0,47,2,2,0,0,0
36,0.3,0.05,0.6,2,2,10,1,29,17,1,4,0,0
36,0.3,0.05,0.6,2,2,10,2,9,33,1,6,0,2
36,0.3,0.05,0.6,2,2,10,3,0,35,0,10,1,5
36,0.3,0.05,0.6,2,2,10,4,0,28,0,15,2,6
36,0.3,0.05,0.6,2,2,10,5,0,26,0,16,2,7
36,0.3,0.05,0.6,2,2,10,6,0,21,0,19,2,9
36,0.3,0.05,0.6,2,2,10,7,0,20,0,19,2,10
36,0.3,0.05,0.6,2,2,10,8,0,19,0,20,3,9
36,0.3,0.05,0.6,2,2,10,9,0,17,0,22,3,9
36,0.3,0.05,0.6,2,2,10,10,0,12,0,25,3,11
36,0.3,0.05,0.6,2,2,10,11,0,7,0,26,3,15
36,0.3,0.05,0.6,2,2,10,12,0,5,0,25,4,17
36,0.3,0.05,0.6,2,2,10,13,0,3,0,27,8,13
36,0.3,0.05,0.6,2,2,10,14,0,3,0,27,7,14
36,0.3,0.05,0.6,2,2,10,15,0,2,0,28,8,13
36,0.3,0.05,0.6,2,2,10,16,0,2,0,28,11,10
36,0.3,0.05,0.6,2,2,10,17,0,2,0,27,12,10
36,0.3,0.05,0.6,2,2,10,18,0,2,0,26,12,11
36,0.3,0.05,0.6,2,2,10,19,0,2,0,26,13,10
36,0.3,0.05,0.6,2,2,10,20,0,2,0,25,13,11
36,0.3,0.05,0.6,2,2,10,21,0,2,0,25,13,11
36,0.3,0.05,0.6,2,2,10,22,0,2,0,25,13,11
36,0.3,0.05,0.6,2,2,10,23,0,2,0,25,13,11
36,0.3,0.05,0.6,2,2,10,24,0,2,0,25,14,10
36,0.3,0.05,0.6,2,2,10,25,0,2,0,25,16,8
36,0.3,0.05,0.6,2,2,10,26,0,2,0,25,16,8
36,0.3,0.05,0.6,2,2,10,27,0,2,0,25,16,8
36,0.3,0.05,0.6,2,2,10,28,0,1,0,25,16,9
36,0.3,0.05,0.6,2,2,10,29,0,1,0,25,16,9
36,0.3,0.05,0.6,2,2,10,30,0,0,0,26,15,10
37,0.3,0.05,0.6,2,2,10,0,47,2,2,0,0,0
37,0.3,0.05,0.6,2,2,10,1,30,15,1,5,0,0
37,0.3,0.05,0.6,2,2,10,2,10,33,1,6,0,1
37,0.3,0.05,0.6,2,2,10,3,0,39,1,9,0,2
37,0.3,0.05,0.6,2,2,10,4,0,31,1,14,0,5
37,0.3,0.05,0.6,2,2,10,5,0,27,1,15,1,7
37,0.3,0.05,0.6,2,2,10,6,0,24,1,17,1,8
37,0.3,0.05,0.6,2,2,10,7,0,22,1,17,1,10
37,0.3,0.05,0.6,2,2,10,8,0,19,0,21,1,10
37,0.3,0.05,0.6,2,2,10,9,0,17,0,20,2,12
37,0.3,0.05,0.6,2,2,10,10,0,15,0,20,4,12
37,0.3,0.05,0.6,2,2,10,11,0,13,0,21,3,14
37,0.3,0.05,0.6,2,2,10,12,0,12,0,21,3,15
37,0.3,0.05,0.6,2,2,10,13,0,10,0,19,5,17
37,0.3,0.05,0.6,2,2,10,14,0,10,0,18,5,18
37,0.3,0.05,0.6,2,2,10,15,0,9,0,19,8,15
37,0.3,0.05,0.6,2,2,10,16,0,8,0,19,8,16
37,0.3,0.05,0.6,2,2,10,17,0,7,0,19,9,16
37,0.3,0.05,0.6,2,2,10,18,0,6,0,19,9,17
37,0.3,0.05,0.6,2,2,10,19,0,6,0,18,9,18
37,0.3,0.05,0.6,2,2,10,20,0,5,0,17,9,20
37,0.3,0.05,0.6,2,2,10,21,0,5,0,15,9,22
37,0.3,0.05,0.6,2,2,10,22,0,5,0,15,9,22
37,0.3,0.05,0.6,2,2,10,23,0,4,0,15,9,23
37,0.3,0.05,0.6,2,2,10,24,0,4,0,15,9,23
37,0.3,0.05,0.6,2,2,10,25,0,2,0,14,12,23
37,0.3,0.05,0.6,2,2,10,26,0,2,0,14,14,21
37,0.3,0.05,0.6,2,2,10,27,0,2,0,14,14,21
37,0.3,0.05,0.6,2,2,10,28,0,2,0,14,14,21
37,0.3,0.05,0.6,2,2,10,29,0,2,0,14,14,21
37,0.3,0.05,0.6,2,2,10,30,0,2,0,13,13,23
38,0.3,0.05,0.6,2,2,10,0,47,2,2,0,0,0
38,0.3,0.05,0.6,2,2,10,1,29,16,1,5,0,0
38,0.3,0.05,0.6,2,2,10,2,10,33,0,5,0,3
38,0.3,0.05,0.6,2,2,10,3,0,41,0,7,0,3
38,0.3,0.05,0.6,2,2,10,4,0,39,0,7,0,5
38,0.3,0.05,0.6,2,2,10,5,0,36,0,9,0,6
38,0.3,0.05,0.6,2,2,10,6,0,34,0,9,0,8
38,0.3,0.05,0.6,2,2,10,7,0,32,0,9,0,10
38,0.3,0.05,0.6,2,2,10,8,0,31,0,10,1,9
38,0.3,0.05,0.6,2,2,10,9,0,28,0,10,1,12
38,0.3,0.05,0.6,2,2,10,10,0,27,0,10,1,13
38,0.3,0.05,0.6,2,2,10,11,0,26,0,10,1,14
38,0.3,0.05,0.6,2,2,10,12,0,25,0,10,2,14
38,0.3,0.05,0.6,2,2,10,13,0,24,0,10,2,15
38,0.3,0.05,0.6,2,2,10,14,0,21,0,10,2,18
38,0.3,0.05,0.6,2,2,10,15,0,19,0,12,3,17
38,0.3,0.05,0.6,2,2,10,16,0,12,0,17,6,16
38,0.3,0.05,0.6,2,2,10,17,0,10,0,18,7,16
38,0.3,0.05,0.6,2,2,10,18,0,5,0,22,9,15
38,0.3,0.05,0.6,2,2,10,19,0,4,0,22,9,16
38,0.3,0.05,0.6,2,2,10,20,0,2,0,23,11,15
38,0.3,0.05,0.6,2,2,10,21,0,2,0,22,10,17
38,0.3,0.05,0.6,2,2,10,22,0,2,0,22,13,14
38,0.3,0.05,0.6,2,2,10,23,0,2,0,22,15,12
38,0.3,0.05,0.6,2,2,10,24,0,2,0,21,16,12
38,0.3,0.05,0.6,2,2,10,25,0,2,0,20,16,13
38,0.3,0.05,0.6,2,2,10,26,0,1,0,20,17,13
38,0.3,0.05,0.6,2,2,10,27,0,0,0,21,16,14
38,0.3,0.05,0.6,2,2,10,28,0,0,0,21,15,15
38,0.3,0.05,0.6,2,2,10,29,0,0,0,21,16,14
38,0.3,0.05,0.6,2,2,10,30,0,0,0,21,16,14
39,0.3,0.05,0.6,2,2,10,0,47,2,2,0,0,0
39,0.3,0.05,0.6,2,2,10,1,30,13,1,7,0,0
39,0.3,0.05,0.6,2,2,10,2,10,26,1,13,0,1
39,0.3,0.05,0.6,2,2,10,3,0,31,1,16,0,3
39,0.3,0.05,0.6,2,2,10,4,0,26,1,19,0,5
39,0.3,0.05,0.6,2,2,10,5,0,21,0,24,0,6
39,0.3,0.05,0.6,2,2,10,6,0,14,0,29,2,6
39,0.3,0.05,0.6,2,2,10,7,0,14,0,29,1,7
39,0.3,0.05,0.6,2,2,10,8,0,13,0,30,3,5
39,0.3,0.05,0.6,2,2,10,9,0,11,0,31,3,6
39,0.3,0.05,0.6,2,2,10,10,0,8,0,33,4,6
39,0.3,0.05,0.6,2,2,10,11,0,5,0,35,5,6
39,0.3,0.05,0.6,2,2,10,12,0,4,0,36,6,5
39,0.3,0.05,0.6,2,2,10,13,0,4,0,36,5,6
39,0.3,0.05,0.6,2,2,10,14,0,3,0,36,5,7
39,0.3,0.05,0.6,2,2,10,15,0,2,0,37,6,6
39,0.3,0.05,0.6,2,2,10,16,0,2,0,37,6,6
39,0.3,0.05,0.6,2,2,10,17,0,1,0,38,6,6
39,0.3,0.05,0.6,2,2,10,18,0,1,0,38,7,5
39,0.3,0.05,0.6,2,2,10,19,0,1,0,38,6,6
39,0.3,0.05,0.6,2,2,10,20,0,1,0,38,6,6
39,0.3,0.05,0.6,2,2,10,21,0,1,0,38,6,6
39,0.3,0.05,0.6,2,2,10,22,0,1,0,38,7,5
39,0.3,0.05,0.6,2,2,10,23,0,1,0,38,7,5
39,0.3,0.05,0.6,2,2,10,24,0,0,0,37,7,7
39,0.3,0.05,0.6,2,2,10,25,0,0,0,37,7,7
39,0.3,0.05,0.6,2,2,10,26,0,0,0,37,7,7
39,0.3,0.05,0.6,2,2,10,27,0,0,0,37,8,6
39,0.3,0.05,0.6,2,2,10,28,0,0,0,34,8,9
39,0.3,0.05,0.6,2,2,10,29,0,0,0,34,8,9
39,0.3,0.05,0.6,2,2,10,30,0,0,0,34,9,8
40,0.3,0.05,0.6,2,2,10,0,47,2,2,0,0,0
40,0.3,0.05,0.6,2,2,10,1,29,14,1,7,0,0
40,0.3,0.05,0.6,2,2,10,2,10,34,0,7,0,0
40,0.3,0.05,0.6,2,2,10,3,0,39,0,8,0,4
40,0.3,0.05,0.6,2,2,10,4,0,37,0,8,0,6
40,0.3,0.05,0.6,2,2,10,5,0,32,0,10,0,9
40,0.3,0.05,0.6,2,2,10,6,0,29,0,10,0,12
40,0.3,0.05,0.6,2,2,10,7,0,27,0,10,0,14
40,0.3,0.05,0.6,2,2,10,8,0,26,0,11,0,14
40,0.3,0.05,0.6,2,2,10,9,0,25,0,11,0,15
40,0.3,0.05,0.6,2,2,10,10,0,23,0,11,1,16
40,0.3,0.05,0.6,2,2,10,11,0,22,0,11,1,17
40,0.3,0.05,0.6,2,2,10,12,0,18,0,11,1,21
40,0.3,0.05,0.6,2,2,10,13,0,17,0,10,1,23
40,0.3,0.05,0.6,2,2,10,14,0,16,0,10,1,24
40,0.3,0.05,0.6,2,2,10,15,0,16,0,10,1,24
40,0.3,0.05,0.6,2,2,10,16,0,15,0,10,1,25
40,0.3,0.05,0.6,2,2,10,17,0,13,0,11,1,26
40,0.3,0.05,0.6,2,2,10,18,0,12,0,11,1,27
40,0.3,0.05,0.6,2,2,10,19,0,10,0,11,1,29
40,0.3,0.05,0.6,2,2,10,20,0,10,0,11,1,29
40,0.3,0.05,0.6,2,2,10,21,0,10,0,11,1,29
40,0.3,0.05,0.6,2,2,10,22,0,10,0,11,2,28
40,0.3,0.05,0.6,2,2,10,23,0,10,0,11,2,28
40,0.3,0.05,0.6,2,2,10,24,0,10,0,11,2,28
40,0.3,0.05,0.6,2,2,10,25,0,10,0,11,2,28
40,0.3,0.05,0.6,2,2,10,26,0,10,0,11,2,28
40,0.3,0.05,0.6,2,2,10,27,0,9,0,11,2,29
40,0.3,0.05,0.6,2,2,10,28,0,8,0,11,2,30
40,0.3,0.05,0.6,2,2,10,29,0,8,0,11,2,30
40,0.3,0.05,0.6,2,2,10,30,0,7,0,11,2,31
41,0.3,0.05,0.6,2,2,10,0,47,2,2,0,0,0
41,0.3,0.05,0.6,2,2,10,1,30,13,1,7,0,0
41,0.3,0.05,0.6,2,2,10,2,10,27,1,13,0,0
41,0.3,0.05,0.6,2,2,10,3,1,33,1,16,0,0
41,0.3,0.05,0.6,2,2,10,4,0,30,1,18,0,2
41,0.3,0.05,0.6,2,2,10,5,0,26,1,19,0,5
41,0.3,0.05,0.6,2,2,10,6,0,22,1,23,0,5
41,0.3,0.05,0.6,2,2,10,7,0,20,1,23,0,7
41,0.3,0.05,0.6,2,2,10,8,0,16,1,27,0,7
41,0.3,0.05,0.6,2,2,10,9,0,14,1,27,0,9
41,0.3,0.05,0.6,2,2,10,10,0,14,1,26,0,10
41,0.3,0.05,0.6,2,2,10,11,0,10,1,27,1,12
41,0.3,0.05,0.6,2,2,10,12,0,8,1,28,2,12
41,0.3,0.05,0.6,2,2,10,13,0,8,1,28,2,12
41,0.3,0.05,0.6,2,2,10,14,0,8,1,28,2,12
41,0.3,0.05,0.6,2,2,10,15,0,7,1,29,3,11
41,0.3,0.05,0.6,2,2,10,16,0,6,1,29,2,13
41,0.3,0.05,0.6,2,2,10,17,0,4,1,29,4,13
41,0.3,0.05,0.6,2,2,10,18,0,4,1,29,5,12
41,0.3,0.05,0.6,2,2,10,19,0,4,1,28,5,13
41,0.3,0.05,0.6,2,2,10,20,0,4,1,27,5,14
41,0.3,0.05,0.6,2,2,10,21,0,4,1,27,5,14
41,0.3,0.05,0.6,2,2,10,22,0,4,1,27,5,14
41,0.3,0.05,0.6,2,2,10,23,0,4,1,26,5,15
41,0.3,0.05,0.6,2,2,10,24,0,4,1,26,5,15
41,0.3,0.05,0.6,2,2,10,25,0,4,0,27,5,15
41,0.3,0.05,0.6,2,2,10,26,0,4,0,26,5,16
41,0.3,0.05,0.6,2,2,10,27,0,4,0,24,4,19
41,0.3,0.05,0.6,2,2,10,28,0,2,0,24,4,21
41,0.3,0.05,0.6,2,2,10,29,0,2,0,24,5,20
41,0.3,0.05,0.6,2,2,10,30,0,2,0,24,5,20
42,0.3,0.05,0.6,2,2,10,0,47,2,2,0,0,0
42,0.3,0.05,0.6,2,2,10,1,29,14,1,7,0,0
42,0.3,0.05,0.6,2,2,10,2,9,27,1,12,0,2
42,0.3,0.05,0.6,2,2,10,3,0,31,1,15,0,4
42,0.3,0.05,0.6,2,2,10,4,0,24,1,17,2,7
42,0.3,0.05,0.6,2,2,10,5,0,18,1,20,3,9
42,0.3,0.05,0.6,2,2,10,6,0,12,1,25,5,8
42,0.3,0.05,0.6,2,2,10,7,0,11,1,25,5,9
42,0.3,0.05,0.6,2,2,10,8,0,10,1,26,6,8
42,0.3,0.05,0.6,2,2,10,9,0,7,1,28,6,9
42,0.3,0.05,0.6,2,2,10,10,0,6,1,29,6,9
42,0.3,0.05,0.6,2,2,10,11,0,5,1,30,5,10
42,0.3,0.05,0.6,2,2,10,12,0,3,1,31,5,11
42,0.3,0.05,0.6,2,2,10,13,0,2,1,32,6,10
42,0.3,0.05,0.6,2,2,10,14,0,2,1,32,5,11
42,0.3,0.05,0.6,2,2,10,15,0,1,1,33,5,11
42,0.3,0.05,0.6,2,2,10,16,0,0,1,33,6,11
42,0.3,0.05,0.6,2,2,10,17,0,0,1,33,7,10
42,0.3,0.05,0.6,2,2,10,18,0,0,1,33,7,10
42,0.3,0.05,0.6,2,2,10,19,0,0,1,32,7,11
42,0.3,0.05,0.6,2,2,10,20,0,0,1,32,7,11
42,0.3,0.05,0.6,2,2,10,21,0,0,1,32,6,12
42,0.3,0.05,0.6,2,2,10,22,0,0,1,32,6,12
42,0.3,0.05,0.6,2,2,10,23,0,0,1,32,6,12
42,0.3,0.05,0.6,2,2,10,24,0,0,1,31,7,12
42,0.3,0.05,0.6,2,2,10,25,0,0,1,31,7,12
42,0.3,0.05,0.6,2,2,10,26,0,0,1,31,7,12
42,0.3,0.05,0.6,2,2,10,27,0,0,1,29,8,13
42,0.3,0.05,0.6,2,2,10,28,0,0,1,28,8,14
42,0.3,0.05,0.6,2,2,10,29,0,0,1,28,11,11
42,0.3,0.05,0.6,2,2,10,30,0,0,1,28,14,8
43,0.3,0.05,0.6,2,2,10,0,47,2,2,0,0,0
43,0.3,0.05,0.6,2,2,10,1,29,16,1,5,0,0
43,0.3,0.05,0.6,2,2,10,2,9,27,1,11,0,3
43,0.3,0.05,0.6,2,2,10,3,0,30,1,16,0,4
43,0.3,0.05,0.6,2,2,10,4,0,26,1,19,0,5
43,0.3,0.05,0.6,2,2,10,5,0,24,1,21,0,5
43,0.3,0.05,0.6,2,2,10,6,0,17,1,28,0,5
43,0.3,0.05,0.6,2,2,10,7,0,17,1,27,0,6
43,0.3,0.05,0.6,2,2,10,8,0,13,1,31,0,6
43,0.3,0.05,0.6,2,2,10,9,0,10,1,34,0,6
43,0.3,0.05,0.6,2,2,10,10,0,8,0,34,0,9
43,0.3,0.05,0.6,2,2,10,11,0,7,0,34,1,9
43,0.3,0.05,0.6,2,2,10,12,0,6,0,34,2,9
43,0.3,0.05,0.6,2,2,10,13,0,6,0,33,4,8
43,0.3,0.05,0.6,2,2,10,14,0,6,0,33,3,9
43,0.3,0.05,0.6,2,2,10,15,0,6,0,33,5,7
43,0.3,0.05,0.6,2,2,10,16,0,4,0,32,7,8
43,0.3,0.05,0.6,2,2,10,17,0,4,0,31,8,8
43,0.3,0.05,0.6,2,2,10,18,0,4,0,31,10,6
43,0.3,0.05,0.6,2,2,10,19,0,4,0,31,10,6
43,0.3,0.05,0.6,2,2,10,20,0,4,0,30,10,7
43,0.3,0.05,0.6,2,2,10,21,0,4,0,30,10,7
43,0.3,0.05,0.6,2,2,10,22,0,4,0,30,11,6
43,0.3,0.05,0.6,2,2,10,23,0,3,0,28,10,10
43,0.3,0.05,0.6,2,2,10,24,0,1,0,28,12,10
43,0.3,0.05,0.6,2,2,10,25,0,1,0,27,12,11
43,0.3,0.05,0.6,2,2,10,26,0,1,0,26,13,11
43,0.3,0.05,0.6,2,2,10,27,0,1,0,26,14,10
43,0.3,0.05,0.6,2,2,10,28,0,1,0,26,14,10
43,0.3,0.05,0.6,2,2,10,29,0,1,0,26,15,9
43,0.3,0.05,0.6,2,2,10,30,0,1,0,26,16,8
44,0.3,0.05,0.6,2,2,10,0,47,2,2,0,0,0
44,0.3,0.05,0.6,2,2,10,1,30,15,1,5,0,0
44,0.3,0.05,0.6,2,2,10,2,10,30,1,9,0,1
44,0.3,0.05,0.6,2,2,10,3,0,34,1,14,0,2
44,0.3,0.05,0.6,2,2,10,4,0,31,0,16,0,4
44,0.3,0.05,0.6,2,2,10,5,0,29,0,16,1,5
44,0.3,0.05,0.6,2,2,10,6,0,27,0,16,2,6
44,0.3,0.05,0.6,2,2,10,7,0,27,0,16,2,6
44,0.3,0.05,0.6,2,2,10,8,0,27,0,16,2,6
44,0.3,0.05,0.6,2,2,10,9,0,24,0,17,2,8
44,0.3,0.05,0.6,2,2,10,10,0,22,0,17,2,10
44,0.3,0.05,0.6,2,2,10,11,0,21,0,17,2,11
44,0.3,0.05,0.6,2,2,10,12,0,19,0,17,2,13
44,0.3,0.05,0.6,2,2,10,13,0,19,0,16,2,14
44,0.3,0.05,0.6,2,2,10,14,0,19,0,16,2,14
44,0.3,0.05,0.6,2,2,10,15,0,18,0,17,3,13
44,0.3,0.05,0.6,2,2,10,16,0,18,0,17,4,12
44,0.3,0.05,0.6,2,2,10,17,0,15,0,17,4,15
44,0.3,0.05,0.6,2,2,10,18,0,13,0,17,4,17
44,0.3,0.05,0.6,2,2,10,19,0,10,0,18,4,19
44,0.3,0.05,0.6,2,2,10,20,0,10,0,17,5,19
44,0.3,0.05,0.6,2,2,10,21,0,10,0,16,5,20
44,0.3,0.05,0.6,2,2,10,22,0,10,0,16,6,19
44,0.3,0.05,0.6,2,2,10,23,0,9,0,16,9,17
44,0.3,0.05,0.6,2,2,10,24,0,9,0,16,9,17
44,0.3,0.05,0.6,2,2,10,25,0,9,0,15,9,18
44,0.3,0.05,0.6,2,2,10,26,0,8,0,13,10,20
44,0.3,0.05,0.6,2,2,10,27,0,6,0,13,11,21
44,0.3,0.05,0.6,2,2,10,28,0,6,0,13,11,21
44,0.3,0.05,0.6,2,2,10,29,0,6,0,13,11,21
44,0.3,0.05,0.6,2,2,10,30,0,6,0,12,12,21
45,0.3,0.05,0.6,2,2,10,0,47,2,2,0,0,0
45,0.3,0.05,0.6,2,2,10,1,29,16,1,5,0,0
45,0.3,0.05,0.6,2,2,10,2,9,29,1,9,0,3
45,0.3,0.05,0.6,2,2,10,3,0,35,1,12,0,3
45,0.3,0.05,0.6,2,2,10,4,0,28,1,15,0,7
45,0.3,0.05,0.6,2,2,10,5,0,26,1,16,2,6
45,0.3,0.05,0.6,2,2,10,6,0,19,1,20,2,9
45,0.3,0.05,0.6,2,2,10,7,0,18,1,19,2,11
45,0.3,0.05,0.6,2,2,10,8,0,18,1,19,4,9
45,0.3,0.05,0.6,2,2,10,9,0,17,1,18,4,11
45,0.3,0.05,0.6,2,2,10,10,0,17,1,17,5,11
45,0.3,0.05,0.6,2,2,10,11,0,16,1,18,7,9
45,0.3,0.05,0.6,2,2,10,12,0,15,1,18,7,10
45,0.3,0.05,0.6,2,2,10,13,0,14,1,19,6,11
45,0.3,0.05,0.6,2,2,10,14,0,13,1,19,6,12
45,0.3,0.05,0.6,2,2,10,15,0,12,1,20,6,12
45,0.3,0.05,0.6,2,2,10,16,0,11,1,20,6,13
45,0.3,0.05,0.6,2,2,10,17,0,11,1,20,7,12
45,0.3,0.05,0.6,2,2,10,18,0,11,0,20,6,14
45,0.3,0.05,0.6,2,2,10,19,0,10,0,19,6,16
45,0.3,0.05,0.6,2,2,10,20,0,8,0,19,6,18
45,0.3,0.05,0.6,2,2,10,21,0,7,0,19,6,19
45,0.3,0.05,0.6,2,2,10,22,0,7,0,19,6,19
45,0.3,0.05,0.6,2,2,10,23,0,5,0,19,6,21
45,0.3,0.05,0.6,2,2,10,24,0,4,0,19,6,22
45,0.3,0.05,0.6,2,2,10,25,0,4,0,19,6,22
45,0.3,0.05,0.6,2,2,10,26,0,4,0,18,5,24
45,0.3,0.05,0.6,2,2,10,27,0,4,0,17,8,22
45,0.3,0.05,0.6,2,2,10,28,0,3,0,17,8,23
45,0.3,0.05,0.6,2,2,10,29,0,3,0,17,10,21
45,0.3,0.05,0.6,2,2,10,30,0,2,0,17,10,22
46,0.3,0.05,0.6,2,2,10,0,47,2,2,0,0,0
46,0.3,0.05,0.6,2,2,10,1,30,14,1,6,0,0
46,0.3,0.05,0.6,2,2,10,2,10,31,1,8,0,1
46,0.3,0.05,0.6,2,2,10,3,0,35,1,12,0,3
46,0.3,0.05,0.6,2,2,10,4,0,30,1,17,0,3
46,0.3,0.05,0.6,2,2,10,5,0,26,1,18,0,6
46,0.3,0.05,0.6,2,2,10,6,0,23,0,20,0,8
46,0.3,0.05,0.6,2,2,10,7,0,20,0,20,0,11
46,0.3,0.05,0.6,2,2,10,8,0,20,0,20,0,11
46,0.3,0.05,0.6,2,2,10,9,0,19,0,21,0,11
46,0.3,0.05,0.6,2,2,10,10,0,16,0,22,0,13
46,0.3,0.05,0.6,2,2,10,11,0,14,0,23,1,13
46,0.3,0.05,0.6,2,2,10,12,0,12,0,25,1,13
46,0.3,0.05,0.6,2,2,10,13,0,9,0,27,2,13
46,0.3,0.05,0.6,2,2,10,14,0,9,0,27,2,13
46,0.3,0.05,0.6,2,2,10,15,0,7,0,29,5,10
46,0.3,0.05,0.6,2,2,10,16,0,4,0,32,4,11
46,0.3,0.05,0.6,2,2,10,17,0,3,0,31,6,11
46,0.3,0.05,0.6,2,2,10,18,0,3,0,29,8,11
46,0.3,0.05,0.6,2,2,10,19,0,3,0,29,9,10
46,0.3,0.05,0.6,2,2,10,20,0,2,0,30,9,10
46,0.3,0.05,0.6,2,2,10,21,0,2,0,30,9,10
46,0.3,0.05,0.6,2,2,10,22,0,2,0,30,10,9
46,0.3,0.05,0.6,2,2,10,23,0,1,0,27,10,13
46,0.3,0.05,0.6,2,2,10,24,0,1,0,27,14,9
46,0.3,0.05,0.6,2,2,10,25,0,1,0,27,14,9
46,0.3,0.05,0.6,2,2,10,26,0,1,0,27,16,7
46,0.3,0.05,0.6,2,2,10,27,0,1,0,27,15,8
46,0.3,0.05,0.6,2,2,10,28,0,1,0,27,15,8
46,0.3,0.05,0.6,2,2,10,29,0,1,0,27,16,7
46,0.3,0.05,0.6,2,2,10,30,0,1,0,27,16,7
47,0.3,0.05,0.6,2,2,10,0,47,2,2,0,0,0
47,0.3,0.05,0.6,2,2,10,1,29,15,1,6,0,0
47,0.3,0.05,0.6,2,2,10,2,9,28,1,11,0,2
47,0.3,0.05,0.6,2,2,10,3,0,34,0,13,0,4
47,0.3,0.05,0.6,2,2,10,4,0,28,0,16,0,7
47,0.3,0.05,0.6,2,2,10,5,0,19,0,22,0,10
47,0.3,0.05,0.6,2,2,10,6,0,13,0,26,1,11
47,0.3,0.05,0.6,2,2,10,7,0,10,0,26,1,14
47,0.3,0.05,0.6,2,2,10,8,0,7,0,29,4,11
47,0.3,0.05,0.6,2,2,10,9,0,6,0,29,4,12
47,0.3,0.05,0.6,2,2,10,10,0,4,0,30,4,13
47,0.3,0.05,0.6,2,2,10,11,0,3,0,30,6,12
47,0.3,0.05,0.6,2,2,10,12,0,3,0,30,7,11
47,0.3,0.05,0.6,2,2,10,13,0,1,0,31,9,10
47,0.3,0.05,0.6,2,2,10,14,0,1,0,30,8,12
47,0.3,0.05,0.6,2,2,10,15,0,1,0,30,9,11
47,0.3,0.05,0.6,2,2,10,16,0,1,0,30,11,9
47,0.3,0.05,0.6,2,2,10,17,0,1,0,30,10,10
47,0.3,0.05,0.6,2,2,10,18,0,1,0,29,12,9
47,0.3,0.05,0.6,2,2,10,19,0,1,0,27,12,11
47,0.3,0.05,0.6,2,2,10,20,0,1,0,27,13,10
47,0.3,0.05,0.6,2,2,10,21,0,0,0,27,13,11
47,0.3,0.05,0.6,2,2,10,22,0,0,0,27,15,9
47,0.3,0.05,0.6,2,2,10,23,0,0,0,27,16,8
47,0.3,0.05,0.6,2,2,10,24,0,0,0,27,16,8
47,0.3,0.05,0.6,2,2,10,25,0,0,0,27,13,11
47,0.3,0.05,0.6,2,2,10,26,0,0,0,26,14,11
47,0.3,0.05,0.6,2,2,10,27,0,0,0,25,16,10
47,0.3,0.05,0.6,2,2,10,28,0,0,0,24,16,11
47,0.3,0.05,0.6,2,2,10,29,0,0,0,24,17,10
47,0.3,0.05,0.6,2,2,10,30,0,0,0,24,17,10
48,0.3,0.05,0.6,2,2,10,0,47,2,2,0,0,0
48,0.3,0.05,0.6,2,2,10,1,29,17,1,4,0,0
48,0.3,0.05,0.6,2,2,10,2,9,30,1,8,0,3
48,0.3,0.05,0.6,2,2,10,3,0,31,1,13,0,6
48,0.3,0.05,0.6,2,2,10,4,0,28,1,16,0,6
48,0.3,0.05,0.6,2,2,10,5,0,22,1,19,1,8
48,0.3,0.05,0.6,2,2,10,6,0,15,1,24,5,6
48,0.3,0.05,0.6,2,2,10,7,0,14,1,24,5,7
48,0.3,0.05,0.6,2,2,10,8,0,8,1,30,5,7
48,0.3,0.05,0.6,2,2,10,9,0,6,1,30,5,9
48,0.3,0.05,0.6,2,2,10,10,0,4,1,31,8,7
48,0.3,0.05,0.6,2,2,10,11,0,3,1,32,9,6
48,0.3,0.05,0.6,2,2,10,12,0,3,1,31,8,8
48,0.3,0.05,0.6,2,2,10,13,0,2,1,32,8,8
48,0.3,0.05,0.6,2,2,10,14,0,2,1,32,8,8
48,0.3,0.05,0.6,2,2,10,15,0,1,0,34,8,8
48,0.3,0.05,0.6,2,2,10,16,0,1,0,32,9,9
48,0.3,0.05,0.6,2,2,10,17,0,1,0,32,9,9
48,0.3,0.05,0.6,2,2,10,18,0,0,0,32,9,10
48,0.3,0.05,0.6,2,2,10,19,0,0,0,32,11,8
48,0.3,0.05,0.6,2,2,10,20,0,0,0,32,12,7
48,0.3,0.05,0.6,2,2,10,21,0,0,0,31,12,8
48,0.3,0.05,0.6,2,2,10,22,0,0,0,31,12,8
48,0.3,0.05,0.6,2,2,10,23,0,0,0,30,12,9
48,0.3,0.05,0.6,2,2,10,24,0,0,0,29,12,10
48,0.3,0.05,0.6,2,2,10,25,0,0,0,29,12,10
48,0.3,0.05,0.6,2,2,10,26,0,0,0,29,13,9
48,0.3,0.05,0.6,2,2,10,27,0,0,0,28,13,10
48,0.3,0.05,0.6,2,2,10,28,0,0,0,27,13,11
48,0.3,0.05,0.6,2,2,10,29,0,0,0,27,14,10
48,0.3,0.05,0.6,2,2,10,30,0,0,0,26,14,11
49,0.3,0.05,0.6,2,2,10,0,47,2,2,0,0,0
49,0.3,0.05,0.6,2,2,10,1,29,15,0,7,0,0
49,0.3,0.05,0.6,2,2,10,2,9,30,0,12,0,0
49,0.3,0.05,0.6,2,2,10,3,0,32,0,16,0,3
49,0.3,0.05,0.6,2,2,10,4,0,25,0,20,0,6
49,0.3,0.05,0.6,2,2,10,5,0,21,0,22,1,7
49,0.3,0.05,0.6,2,2,10,6,0,14,0,27,3,7
49,0.3,0.05,0.6,2,2,10,7,0,14,0,27,3,7
49,0.3,0.05,0.6,2,2,10,8,0,12,0,29,6,4
49,0.3,0.05,0.6,2,2,10,9,0,11,0,29,7,4
49,0.3,0.05,0.6,2,2,10,10,0,8,0,29,8,6
49,0.3,0.05,0.6,2,2,10,11,0,6,0,31,10,4
49,0.3,0.05,0.6,2,2,10,12,0,4,0,30,10,7
49,0.3,0.05,0.6,2,2,10,13,0,3,0,31,10,7
49,0.3,0.05,0.6,2,2,10,14,0,3,0,31,9,8
49,0.3,0.05,0.6,2,2,10,15,0,2,0,32,9,8
49,0.3,0.05,0.6,2,2,10,16,0,2,0,31,10,8
49,0.3,0.05,0.6,2,2,10,17,0,2,0,31,10,8
49,0.3,0.05,0.6,2,2,10,18,0,2,0,30,10,9
49,0.3,0.05,0.6,2,2,10,19,0,1,0,29,11,10
49,0.3,0.05,0.6,2,2,10,20,0,1,0,29,13,8
49,0.3,0.05,0.6,2,2,10,21,0,1,0,29,13,8
49,0.3,0.05,0.6,2,2,10,22,0,1,0,29,13,8
49,0.3,0.05,0.6,2,2,10,23,0,1,0,29,13,8
49,0.3,0.05,0.6,2,2,10,24,0,0,0,28,13,10
49,0.3,0.05,0.6,2,2,10,25,0,0,0,27,13,11
49,0.3,0.05,0.6,2,2,10,26,0,0,0,27,14,10
49,0.3,0.05,0.6,2,2,10,27,0,0,0,27,16,8
49,0.3,0.05,0.6,2,2,10,28,0,0,0,25,15,11
49,0.3,0.05,0.6,2,2,10,29,0,0,0,25,16,10
49,0.3,0.05,0.6,2,2,10,30,0,0,0,25,16,10
50,0.3,0.05,0.6,2,2,10,0,47,2,2,0,0,0
50,0.3,0.05,0.6,2,2,10,1,31,14,1,5,0,0
50,0.3,0.05,0.6,2,2,10,2,11,29,1,9,0,1
50,0.3,0.05,0.6,2,2,10,3,0,36,1,11,0,3
50,0.3,0.05,0.6,2,2,10,4,0,32,1,14,0,4
50,0.3,0.05,0.6,2,2,10,5,0,28,0,18,0,5
50,0.3,0.05,0.6,2,2,10,6,0,24,0,21,1,5
50,0.3,0.05,0.6,2,2,10,7,0,22,0,21,1,7
50,0.3,0.05,0.6,2,2,10,8,0,19,0,24,1,7
50,0.3,0.05,0.6,2,2,10,9,0,18,0,25,1,7
50,0.3,0.05,0.6,2,2,10,10,0,16,0,25,1,9
50,0.3,0.05,0.6,2,2,10,11,0,16,0,25,1,9
50,0.3,0.05,0.6,2,2,10,12,0,15,0,25,1,10
50,0.3,0.05,0.6,2,2,10,13,0,15,0,23,2,11
50,0.3,0.05,0.6,2,2,10,14,0,14,0,23,2,12
50,0.3,0.05,0.6,2,2,10,15,0,14,0,23,4,10
50,0.3,0.05,0.6,2,2,10,16,0,13,0,23,4,11
50,0.3,0.05,0.6,2,2,10,17,0,12,0,23,5,11
50,0.3,0.05,0.6,2,2,10,18,0,10,0,23,5,13
50,0.3,0.05,0.6,2,2,10,19,0,7,0,22,5,17
50,0.3,0.05,0.6,2,2,10,20,0,7,0,22,5,17
50,0.3,0.05,0.6,2,2,10,21,0,7,0,21,5,18
50,0.3,0.05,0.6,2,2,10,22,0,7,0,21,6,17
50,0.3,0.05,0.6,2,2,10,23,0,4,0,22,8,17
50,0.3,0.05,0.6,2,2,10,24,0,2,0,23,9,17
50,0.3,0.05,0.6,2,2,10,25,0,0,0,24,11,16
50,0.3,0.05,0.6,2,2,10,26,0,0,0,22,11,18
50,0.3,0.05,0.6,2,2,10,27,0,0,0,22,14,15
50,0.3,0.05,0.6,2,2,10,28,0,0,0,21,14,16
50,0.3,0.05,0.6,2,2,10,29,0,0,0,21,15,15
50,0.3,0.05,0.6,2,2,10,30,0,0,0,21,18,12
